[2024-11-25 07:16:52] local.ERROR: Database file at path [C:\xampp\htdocs\wildan-firdaus\database\database.sqlite] does not exist. Ensure this is an absolute path to the database. (Connection: sqlite, SQL: select * from "sessions" where "id" = TUBKA1xeMUNYR5T2ACiYYOrGIUiByKjWD2DRgTqG limit 1) {"exception":"[object] (Illuminate\\Database\\QueryException(code: 0): Database file at path [C:\\xampp\\htdocs\\wildan-firdaus\\database\\database.sqlite] does not exist. Ensure this is an absolute path to the database. (Connection: sqlite, SQL: select * from \"sessions\" where \"id\" = TUBKA1xeMUNYR5T2ACiYYOrGIUiByKjWD2DRgTqG limit 1) at C:\\Users\\Asus\\Desktop\\will\\wildan-firdaus\\vendor\\laravel\\framework\\src\\Illuminate\\Database\\Connection.php:825)
[stacktrace]
#0 C:\\Users\\Asus\\Desktop\\will\\wildan-firdaus\\vendor\\laravel\\framework\\src\\Illuminate\\Database\\Connection.php(779): Illuminate\\Database\\Connection->runQueryCallback('select * from \"...', Array, Object(Closure))
#1 C:\\Users\\Asus\\Desktop\\will\\wildan-firdaus\\vendor\\laravel\\framework\\src\\Illuminate\\Database\\Connection.php(398): Illuminate\\Database\\Connection->run('select * from \"...', Array, Object(Closure))
#2 C:\\Users\\Asus\\Desktop\\will\\wildan-firdaus\\vendor\\laravel\\framework\\src\\Illuminate\\Database\\Query\\Builder.php(3132): Illuminate\\Database\\Connection->select('select * from \"...', Array, true)
#3 C:\\Users\\Asus\\Desktop\\will\\wildan-firdaus\\vendor\\laravel\\framework\\src\\Illuminate\\Database\\Query\\Builder.php(3117): Illuminate\\Database\\Query\\Builder->runSelect()
#4 C:\\Users\\Asus\\Desktop\\will\\wildan-firdaus\\vendor\\laravel\\framework\\src\\Illuminate\\Database\\Query\\Builder.php(3705): Illuminate\\Database\\Query\\Builder->Illuminate\\Database\\Query\\{closure}()
#5 C:\\Users\\Asus\\Desktop\\will\\wildan-firdaus\\vendor\\laravel\\framework\\src\\Illuminate\\Database\\Query\\Builder.php(3116): Illuminate\\Database\\Query\\Builder->onceWithColumns(Array, Object(Closure))
#6 C:\\Users\\Asus\\Desktop\\will\\wildan-firdaus\\vendor\\laravel\\framework\\src\\Illuminate\\Database\\Concerns\\BuildsQueries.php(344): Illuminate\\Database\\Query\\Builder->get(Array)
#7 C:\\Users\\Asus\\Desktop\\will\\wildan-firdaus\\vendor\\laravel\\framework\\src\\Illuminate\\Database\\Query\\Builder.php(3037): Illuminate\\Database\\Query\\Builder->first(Array)
#8 C:\\Users\\Asus\\Desktop\\will\\wildan-firdaus\\vendor\\laravel\\framework\\src\\Illuminate\\Session\\DatabaseSessionHandler.php(97): Illuminate\\Database\\Query\\Builder->find('TUBKA1xeMUNYR5T...')
#9 C:\\Users\\Asus\\Desktop\\will\\wildan-firdaus\\vendor\\laravel\\framework\\src\\Illuminate\\Session\\Store.php(113): Illuminate\\Session\\DatabaseSessionHandler->read('TUBKA1xeMUNYR5T...')
#10 C:\\Users\\Asus\\Desktop\\will\\wildan-firdaus\\vendor\\laravel\\framework\\src\\Illuminate\\Session\\Store.php(101): Illuminate\\Session\\Store->readFromHandler()
#11 C:\\Users\\Asus\\Desktop\\will\\wildan-firdaus\\vendor\\laravel\\framework\\src\\Illuminate\\Session\\Store.php(85): Illuminate\\Session\\Store->loadSession()
#12 C:\\Users\\Asus\\Desktop\\will\\wildan-firdaus\\vendor\\laravel\\framework\\src\\Illuminate\\Session\\Middleware\\StartSession.php(147): Illuminate\\Session\\Store->start()
#13 C:\\Users\\Asus\\Desktop\\will\\wildan-firdaus\\vendor\\laravel\\framework\\src\\Illuminate\\Support\\helpers.php(380): Illuminate\\Session\\Middleware\\StartSession->Illuminate\\Session\\Middleware\\{closure}(Object(Illuminate\\Session\\Store))
#14 C:\\Users\\Asus\\Desktop\\will\\wildan-firdaus\\vendor\\laravel\\framework\\src\\Illuminate\\Session\\Middleware\\StartSession.php(144): tap(Object(Illuminate\\Session\\Store), Object(Closure))
#15 C:\\Users\\Asus\\Desktop\\will\\wildan-firdaus\\vendor\\laravel\\framework\\src\\Illuminate\\Session\\Middleware\\StartSession.php(116): Illuminate\\Session\\Middleware\\StartSession->startSession(Object(Illuminate\\Http\\Request), Object(Illuminate\\Session\\Store))
#16 C:\\Users\\Asus\\Desktop\\will\\wildan-firdaus\\vendor\\laravel\\framework\\src\\Illuminate\\Session\\Middleware\\StartSession.php(64): Illuminate\\Session\\Middleware\\StartSession->handleStatefulRequest(Object(Illuminate\\Http\\Request), Object(Illuminate\\Session\\Store), Object(Closure))
#17 C:\\Users\\Asus\\Desktop\\will\\wildan-firdaus\\vendor\\laravel\\framework\\src\\Illuminate\\Pipeline\\Pipeline.php(183): Illuminate\\Session\\Middleware\\StartSession->handle(Object(Illuminate\\Http\\Request), Object(Closure))
#18 C:\\Users\\Asus\\Desktop\\will\\wildan-firdaus\\vendor\\laravel\\framework\\src\\Illuminate\\Cookie\\Middleware\\AddQueuedCookiesToResponse.php(37): Illuminate\\Pipeline\\Pipeline->Illuminate\\Pipeline\\{closure}(Object(Illuminate\\Http\\Request))
#19 C:\\Users\\Asus\\Desktop\\will\\wildan-firdaus\\vendor\\laravel\\framework\\src\\Illuminate\\Pipeline\\Pipeline.php(183): Illuminate\\Cookie\\Middleware\\AddQueuedCookiesToResponse->handle(Object(Illuminate\\Http\\Request), Object(Closure))
#20 C:\\Users\\Asus\\Desktop\\will\\wildan-firdaus\\vendor\\laravel\\framework\\src\\Illuminate\\Cookie\\Middleware\\EncryptCookies.php(75): Illuminate\\Pipeline\\Pipeline->Illuminate\\Pipeline\\{closure}(Object(Illuminate\\Http\\Request))
#21 C:\\Users\\Asus\\Desktop\\will\\wildan-firdaus\\vendor\\laravel\\framework\\src\\Illuminate\\Pipeline\\Pipeline.php(183): Illuminate\\Cookie\\Middleware\\EncryptCookies->handle(Object(Illuminate\\Http\\Request), Object(Closure))
#22 C:\\Users\\Asus\\Desktop\\will\\wildan-firdaus\\vendor\\laravel\\framework\\src\\Illuminate\\Pipeline\\Pipeline.php(119): Illuminate\\Pipeline\\Pipeline->Illuminate\\Pipeline\\{closure}(Object(Illuminate\\Http\\Request))
#23 C:\\Users\\Asus\\Desktop\\will\\wildan-firdaus\\vendor\\laravel\\framework\\src\\Illuminate\\Routing\\Router.php(807): Illuminate\\Pipeline\\Pipeline->then(Object(Closure))
#24 C:\\Users\\Asus\\Desktop\\will\\wildan-firdaus\\vendor\\laravel\\framework\\src\\Illuminate\\Routing\\Router.php(786): Illuminate\\Routing\\Router->runRouteWithinStack(Object(Illuminate\\Routing\\Route), Object(Illuminate\\Http\\Request))
#25 C:\\Users\\Asus\\Desktop\\will\\wildan-firdaus\\vendor\\laravel\\framework\\src\\Illuminate\\Routing\\Router.php(750): Illuminate\\Routing\\Router->runRoute(Object(Illuminate\\Http\\Request), Object(Illuminate\\Routing\\Route))
#26 C:\\Users\\Asus\\Desktop\\will\\wildan-firdaus\\vendor\\laravel\\framework\\src\\Illuminate\\Routing\\Router.php(739): Illuminate\\Routing\\Router->dispatchToRoute(Object(Illuminate\\Http\\Request))
#27 C:\\Users\\Asus\\Desktop\\will\\wildan-firdaus\\vendor\\laravel\\framework\\src\\Illuminate\\Foundation\\Http\\Kernel.php(201): Illuminate\\Routing\\Router->dispatch(Object(Illuminate\\Http\\Request))
#28 C:\\Users\\Asus\\Desktop\\will\\wildan-firdaus\\vendor\\laravel\\framework\\src\\Illuminate\\Pipeline\\Pipeline.php(144): Illuminate\\Foundation\\Http\\Kernel->Illuminate\\Foundation\\Http\\{closure}(Object(Illuminate\\Http\\Request))
#29 C:\\Users\\Asus\\Desktop\\will\\wildan-firdaus\\vendor\\livewire\\livewire\\src\\Features\\SupportDisablingBackButtonCache\\DisableBackButtonCacheMiddleware.php(19): Illuminate\\Pipeline\\Pipeline->Illuminate\\Pipeline\\{closure}(Object(Illuminate\\Http\\Request))
#30 C:\\Users\\Asus\\Desktop\\will\\wildan-firdaus\\vendor\\laravel\\framework\\src\\Illuminate\\Pipeline\\Pipeline.php(183): Livewire\\Features\\SupportDisablingBackButtonCache\\DisableBackButtonCacheMiddleware->handle(Object(Illuminate\\Http\\Request), Object(Closure))
#31 C:\\Users\\Asus\\Desktop\\will\\wildan-firdaus\\vendor\\laravel\\framework\\src\\Illuminate\\Foundation\\Http\\Middleware\\TransformsRequest.php(21): Illuminate\\Pipeline\\Pipeline->Illuminate\\Pipeline\\{closure}(Object(Illuminate\\Http\\Request))
#32 C:\\Users\\Asus\\Desktop\\will\\wildan-firdaus\\vendor\\laravel\\framework\\src\\Illuminate\\Foundation\\Http\\Middleware\\ConvertEmptyStringsToNull.php(31): Illuminate\\Foundation\\Http\\Middleware\\TransformsRequest->handle(Object(Illuminate\\Http\\Request), Object(Closure))
#33 C:\\Users\\Asus\\Desktop\\will\\wildan-firdaus\\vendor\\laravel\\framework\\src\\Illuminate\\Pipeline\\Pipeline.php(183): Illuminate\\Foundation\\Http\\Middleware\\ConvertEmptyStringsToNull->handle(Object(Illuminate\\Http\\Request), Object(Closure))
#34 C:\\Users\\Asus\\Desktop\\will\\wildan-firdaus\\vendor\\laravel\\framework\\src\\Illuminate\\Foundation\\Http\\Middleware\\TransformsRequest.php(21): Illuminate\\Pipeline\\Pipeline->Illuminate\\Pipeline\\{closure}(Object(Illuminate\\Http\\Request))
#35 C:\\Users\\Asus\\Desktop\\will\\wildan-firdaus\\vendor\\laravel\\framework\\src\\Illuminate\\Foundation\\Http\\Middleware\\TrimStrings.php(51): Illuminate\\Foundation\\Http\\Middleware\\TransformsRequest->handle(Object(Illuminate\\Http\\Request), Object(Closure))
#36 C:\\Users\\Asus\\Desktop\\will\\wildan-firdaus\\vendor\\laravel\\framework\\src\\Illuminate\\Pipeline\\Pipeline.php(183): Illuminate\\Foundation\\Http\\Middleware\\TrimStrings->handle(Object(Illuminate\\Http\\Request), Object(Closure))
#37 C:\\Users\\Asus\\Desktop\\will\\wildan-firdaus\\vendor\\laravel\\framework\\src\\Illuminate\\Http\\Middleware\\ValidatePostSize.php(27): Illuminate\\Pipeline\\Pipeline->Illuminate\\Pipeline\\{closure}(Object(Illuminate\\Http\\Request))
#38 C:\\Users\\Asus\\Desktop\\will\\wildan-firdaus\\vendor\\laravel\\framework\\src\\Illuminate\\Pipeline\\Pipeline.php(183): Illuminate\\Http\\Middleware\\ValidatePostSize->handle(Object(Illuminate\\Http\\Request), Object(Closure))
#39 C:\\Users\\Asus\\Desktop\\will\\wildan-firdaus\\vendor\\laravel\\framework\\src\\Illuminate\\Foundation\\Http\\Middleware\\PreventRequestsDuringMaintenance.php(110): Illuminate\\Pipeline\\Pipeline->Illuminate\\Pipeline\\{closure}(Object(Illuminate\\Http\\Request))
#40 C:\\Users\\Asus\\Desktop\\will\\wildan-firdaus\\vendor\\laravel\\framework\\src\\Illuminate\\Pipeline\\Pipeline.php(183): Illuminate\\Foundation\\Http\\Middleware\\PreventRequestsDuringMaintenance->handle(Object(Illuminate\\Http\\Request), Object(Closure))
#41 C:\\Users\\Asus\\Desktop\\will\\wildan-firdaus\\vendor\\laravel\\framework\\src\\Illuminate\\Http\\Middleware\\HandleCors.php(49): Illuminate\\Pipeline\\Pipeline->Illuminate\\Pipeline\\{closure}(Object(Illuminate\\Http\\Request))
#42 C:\\Users\\Asus\\Desktop\\will\\wildan-firdaus\\vendor\\laravel\\framework\\src\\Illuminate\\Pipeline\\Pipeline.php(183): Illuminate\\Http\\Middleware\\HandleCors->handle(Object(Illuminate\\Http\\Request), Object(Closure))
#43 C:\\Users\\Asus\\Desktop\\will\\wildan-firdaus\\vendor\\laravel\\framework\\src\\Illuminate\\Http\\Middleware\\TrustProxies.php(58): Illuminate\\Pipeline\\Pipeline->Illuminate\\Pipeline\\{closure}(Object(Illuminate\\Http\\Request))
#44 C:\\Users\\Asus\\Desktop\\will\\wildan-firdaus\\vendor\\laravel\\framework\\src\\Illuminate\\Pipeline\\Pipeline.php(183): Illuminate\\Http\\Middleware\\TrustProxies->handle(Object(Illuminate\\Http\\Request), Object(Closure))
#45 C:\\Users\\Asus\\Desktop\\will\\wildan-firdaus\\vendor\\laravel\\framework\\src\\Illuminate\\Foundation\\Http\\Middleware\\InvokeDeferredCallbacks.php(22): Illuminate\\Pipeline\\Pipeline->Illuminate\\Pipeline\\{closure}(Object(Illuminate\\Http\\Request))
#46 C:\\Users\\Asus\\Desktop\\will\\wildan-firdaus\\vendor\\laravel\\framework\\src\\Illuminate\\Pipeline\\Pipeline.php(183): Illuminate\\Foundation\\Http\\Middleware\\InvokeDeferredCallbacks->handle(Object(Illuminate\\Http\\Request), Object(Closure))
#47 C:\\Users\\Asus\\Desktop\\will\\wildan-firdaus\\vendor\\laravel\\framework\\src\\Illuminate\\Pipeline\\Pipeline.php(119): Illuminate\\Pipeline\\Pipeline->Illuminate\\Pipeline\\{closure}(Object(Illuminate\\Http\\Request))
#48 C:\\Users\\Asus\\Desktop\\will\\wildan-firdaus\\vendor\\laravel\\framework\\src\\Illuminate\\Foundation\\Http\\Kernel.php(176): Illuminate\\Pipeline\\Pipeline->then(Object(Closure))
#49 C:\\Users\\Asus\\Desktop\\will\\wildan-firdaus\\vendor\\laravel\\framework\\src\\Illuminate\\Foundation\\Http\\Kernel.php(145): Illuminate\\Foundation\\Http\\Kernel->sendRequestThroughRouter(Object(Illuminate\\Http\\Request))
#50 C:\\Users\\Asus\\Desktop\\will\\wildan-firdaus\\vendor\\laravel\\framework\\src\\Illuminate\\Foundation\\Application.php(1188): Illuminate\\Foundation\\Http\\Kernel->handle(Object(Illuminate\\Http\\Request))
#51 C:\\Users\\Asus\\Desktop\\will\\wildan-firdaus\\public\\index.php(17): Illuminate\\Foundation\\Application->handleRequest(Object(Illuminate\\Http\\Request))
#52 C:\\Users\\Asus\\Desktop\\will\\wildan-firdaus\\vendor\\laravel\\framework\\src\\Illuminate\\Foundation\\resources\\server.php(23): require_once('C:\\\\Users\\\\Asus\\\\D...')
#53 {main}

[previous exception] [object] (Illuminate\\Database\\SQLiteDatabaseDoesNotExistException(code: 0): Database file at path [C:\\xampp\\htdocs\\wildan-firdaus\\database\\database.sqlite] does not exist. Ensure this is an absolute path to the database. at C:\\Users\\Asus\\Desktop\\will\\wildan-firdaus\\vendor\\laravel\\framework\\src\\Illuminate\\Database\\Connectors\\SQLiteConnector.php:34)
[stacktrace]
#0 C:\\Users\\Asus\\Desktop\\will\\wildan-firdaus\\vendor\\laravel\\framework\\src\\Illuminate\\Database\\Connectors\\ConnectionFactory.php(224): Illuminate\\Database\\Connectors\\SQLiteConnector->connect(Array)
#1 [internal function]: Illuminate\\Database\\Connectors\\ConnectionFactory->Illuminate\\Database\\Connectors\\{closure}()
#2 C:\\Users\\Asus\\Desktop\\will\\wildan-firdaus\\vendor\\laravel\\framework\\src\\Illuminate\\Database\\Connection.php(1231): call_user_func(Object(Closure))
#3 C:\\Users\\Asus\\Desktop\\will\\wildan-firdaus\\vendor\\laravel\\framework\\src\\Illuminate\\Database\\Connection.php(1267): Illuminate\\Database\\Connection->getPdo()
#4 C:\\Users\\Asus\\Desktop\\will\\wildan-firdaus\\vendor\\laravel\\framework\\src\\Illuminate\\Database\\Connection.php(512): Illuminate\\Database\\Connection->getReadPdo()
#5 C:\\Users\\Asus\\Desktop\\will\\wildan-firdaus\\vendor\\laravel\\framework\\src\\Illuminate\\Database\\Connection.php(407): Illuminate\\Database\\Connection->getPdoForSelect(true)
#6 C:\\Users\\Asus\\Desktop\\will\\wildan-firdaus\\vendor\\laravel\\framework\\src\\Illuminate\\Database\\Connection.php(812): Illuminate\\Database\\Connection->Illuminate\\Database\\{closure}('select * from \"...', Array)
#7 C:\\Users\\Asus\\Desktop\\will\\wildan-firdaus\\vendor\\laravel\\framework\\src\\Illuminate\\Database\\Connection.php(779): Illuminate\\Database\\Connection->runQueryCallback('select * from \"...', Array, Object(Closure))
#8 C:\\Users\\Asus\\Desktop\\will\\wildan-firdaus\\vendor\\laravel\\framework\\src\\Illuminate\\Database\\Connection.php(398): Illuminate\\Database\\Connection->run('select * from \"...', Array, Object(Closure))
#9 C:\\Users\\Asus\\Desktop\\will\\wildan-firdaus\\vendor\\laravel\\framework\\src\\Illuminate\\Database\\Query\\Builder.php(3132): Illuminate\\Database\\Connection->select('select * from \"...', Array, true)
#10 C:\\Users\\Asus\\Desktop\\will\\wildan-firdaus\\vendor\\laravel\\framework\\src\\Illuminate\\Database\\Query\\Builder.php(3117): Illuminate\\Database\\Query\\Builder->runSelect()
#11 C:\\Users\\Asus\\Desktop\\will\\wildan-firdaus\\vendor\\laravel\\framework\\src\\Illuminate\\Database\\Query\\Builder.php(3705): Illuminate\\Database\\Query\\Builder->Illuminate\\Database\\Query\\{closure}()
#12 C:\\Users\\Asus\\Desktop\\will\\wildan-firdaus\\vendor\\laravel\\framework\\src\\Illuminate\\Database\\Query\\Builder.php(3116): Illuminate\\Database\\Query\\Builder->onceWithColumns(Array, Object(Closure))
#13 C:\\Users\\Asus\\Desktop\\will\\wildan-firdaus\\vendor\\laravel\\framework\\src\\Illuminate\\Database\\Concerns\\BuildsQueries.php(344): Illuminate\\Database\\Query\\Builder->get(Array)
#14 C:\\Users\\Asus\\Desktop\\will\\wildan-firdaus\\vendor\\laravel\\framework\\src\\Illuminate\\Database\\Query\\Builder.php(3037): Illuminate\\Database\\Query\\Builder->first(Array)
#15 C:\\Users\\Asus\\Desktop\\will\\wildan-firdaus\\vendor\\laravel\\framework\\src\\Illuminate\\Session\\DatabaseSessionHandler.php(97): Illuminate\\Database\\Query\\Builder->find('TUBKA1xeMUNYR5T...')
#16 C:\\Users\\Asus\\Desktop\\will\\wildan-firdaus\\vendor\\laravel\\framework\\src\\Illuminate\\Session\\Store.php(113): Illuminate\\Session\\DatabaseSessionHandler->read('TUBKA1xeMUNYR5T...')
#17 C:\\Users\\Asus\\Desktop\\will\\wildan-firdaus\\vendor\\laravel\\framework\\src\\Illuminate\\Session\\Store.php(101): Illuminate\\Session\\Store->readFromHandler()
#18 C:\\Users\\Asus\\Desktop\\will\\wildan-firdaus\\vendor\\laravel\\framework\\src\\Illuminate\\Session\\Store.php(85): Illuminate\\Session\\Store->loadSession()
#19 C:\\Users\\Asus\\Desktop\\will\\wildan-firdaus\\vendor\\laravel\\framework\\src\\Illuminate\\Session\\Middleware\\StartSession.php(147): Illuminate\\Session\\Store->start()
#20 C:\\Users\\Asus\\Desktop\\will\\wildan-firdaus\\vendor\\laravel\\framework\\src\\Illuminate\\Support\\helpers.php(380): Illuminate\\Session\\Middleware\\StartSession->Illuminate\\Session\\Middleware\\{closure}(Object(Illuminate\\Session\\Store))
#21 C:\\Users\\Asus\\Desktop\\will\\wildan-firdaus\\vendor\\laravel\\framework\\src\\Illuminate\\Session\\Middleware\\StartSession.php(144): tap(Object(Illuminate\\Session\\Store), Object(Closure))
#22 C:\\Users\\Asus\\Desktop\\will\\wildan-firdaus\\vendor\\laravel\\framework\\src\\Illuminate\\Session\\Middleware\\StartSession.php(116): Illuminate\\Session\\Middleware\\StartSession->startSession(Object(Illuminate\\Http\\Request), Object(Illuminate\\Session\\Store))
#23 C:\\Users\\Asus\\Desktop\\will\\wildan-firdaus\\vendor\\laravel\\framework\\src\\Illuminate\\Session\\Middleware\\StartSession.php(64): Illuminate\\Session\\Middleware\\StartSession->handleStatefulRequest(Object(Illuminate\\Http\\Request), Object(Illuminate\\Session\\Store), Object(Closure))
#24 C:\\Users\\Asus\\Desktop\\will\\wildan-firdaus\\vendor\\laravel\\framework\\src\\Illuminate\\Pipeline\\Pipeline.php(183): Illuminate\\Session\\Middleware\\StartSession->handle(Object(Illuminate\\Http\\Request), Object(Closure))
#25 C:\\Users\\Asus\\Desktop\\will\\wildan-firdaus\\vendor\\laravel\\framework\\src\\Illuminate\\Cookie\\Middleware\\AddQueuedCookiesToResponse.php(37): Illuminate\\Pipeline\\Pipeline->Illuminate\\Pipeline\\{closure}(Object(Illuminate\\Http\\Request))
#26 C:\\Users\\Asus\\Desktop\\will\\wildan-firdaus\\vendor\\laravel\\framework\\src\\Illuminate\\Pipeline\\Pipeline.php(183): Illuminate\\Cookie\\Middleware\\AddQueuedCookiesToResponse->handle(Object(Illuminate\\Http\\Request), Object(Closure))
#27 C:\\Users\\Asus\\Desktop\\will\\wildan-firdaus\\vendor\\laravel\\framework\\src\\Illuminate\\Cookie\\Middleware\\EncryptCookies.php(75): Illuminate\\Pipeline\\Pipeline->Illuminate\\Pipeline\\{closure}(Object(Illuminate\\Http\\Request))
#28 C:\\Users\\Asus\\Desktop\\will\\wildan-firdaus\\vendor\\laravel\\framework\\src\\Illuminate\\Pipeline\\Pipeline.php(183): Illuminate\\Cookie\\Middleware\\EncryptCookies->handle(Object(Illuminate\\Http\\Request), Object(Closure))
#29 C:\\Users\\Asus\\Desktop\\will\\wildan-firdaus\\vendor\\laravel\\framework\\src\\Illuminate\\Pipeline\\Pipeline.php(119): Illuminate\\Pipeline\\Pipeline->Illuminate\\Pipeline\\{closure}(Object(Illuminate\\Http\\Request))
#30 C:\\Users\\Asus\\Desktop\\will\\wildan-firdaus\\vendor\\laravel\\framework\\src\\Illuminate\\Routing\\Router.php(807): Illuminate\\Pipeline\\Pipeline->then(Object(Closure))
#31 C:\\Users\\Asus\\Desktop\\will\\wildan-firdaus\\vendor\\laravel\\framework\\src\\Illuminate\\Routing\\Router.php(786): Illuminate\\Routing\\Router->runRouteWithinStack(Object(Illuminate\\Routing\\Route), Object(Illuminate\\Http\\Request))
#32 C:\\Users\\Asus\\Desktop\\will\\wildan-firdaus\\vendor\\laravel\\framework\\src\\Illuminate\\Routing\\Router.php(750): Illuminate\\Routing\\Router->runRoute(Object(Illuminate\\Http\\Request), Object(Illuminate\\Routing\\Route))
#33 C:\\Users\\Asus\\Desktop\\will\\wildan-firdaus\\vendor\\laravel\\framework\\src\\Illuminate\\Routing\\Router.php(739): Illuminate\\Routing\\Router->dispatchToRoute(Object(Illuminate\\Http\\Request))
#34 C:\\Users\\Asus\\Desktop\\will\\wildan-firdaus\\vendor\\laravel\\framework\\src\\Illuminate\\Foundation\\Http\\Kernel.php(201): Illuminate\\Routing\\Router->dispatch(Object(Illuminate\\Http\\Request))
#35 C:\\Users\\Asus\\Desktop\\will\\wildan-firdaus\\vendor\\laravel\\framework\\src\\Illuminate\\Pipeline\\Pipeline.php(144): Illuminate\\Foundation\\Http\\Kernel->Illuminate\\Foundation\\Http\\{closure}(Object(Illuminate\\Http\\Request))
#36 C:\\Users\\Asus\\Desktop\\will\\wildan-firdaus\\vendor\\livewire\\livewire\\src\\Features\\SupportDisablingBackButtonCache\\DisableBackButtonCacheMiddleware.php(19): Illuminate\\Pipeline\\Pipeline->Illuminate\\Pipeline\\{closure}(Object(Illuminate\\Http\\Request))
#37 C:\\Users\\Asus\\Desktop\\will\\wildan-firdaus\\vendor\\laravel\\framework\\src\\Illuminate\\Pipeline\\Pipeline.php(183): Livewire\\Features\\SupportDisablingBackButtonCache\\DisableBackButtonCacheMiddleware->handle(Object(Illuminate\\Http\\Request), Object(Closure))
#38 C:\\Users\\Asus\\Desktop\\will\\wildan-firdaus\\vendor\\laravel\\framework\\src\\Illuminate\\Foundation\\Http\\Middleware\\TransformsRequest.php(21): Illuminate\\Pipeline\\Pipeline->Illuminate\\Pipeline\\{closure}(Object(Illuminate\\Http\\Request))
#39 C:\\Users\\Asus\\Desktop\\will\\wildan-firdaus\\vendor\\laravel\\framework\\src\\Illuminate\\Foundation\\Http\\Middleware\\ConvertEmptyStringsToNull.php(31): Illuminate\\Foundation\\Http\\Middleware\\TransformsRequest->handle(Object(Illuminate\\Http\\Request), Object(Closure))
#40 C:\\Users\\Asus\\Desktop\\will\\wildan-firdaus\\vendor\\laravel\\framework\\src\\Illuminate\\Pipeline\\Pipeline.php(183): Illuminate\\Foundation\\Http\\Middleware\\ConvertEmptyStringsToNull->handle(Object(Illuminate\\Http\\Request), Object(Closure))
#41 C:\\Users\\Asus\\Desktop\\will\\wildan-firdaus\\vendor\\laravel\\framework\\src\\Illuminate\\Foundation\\Http\\Middleware\\TransformsRequest.php(21): Illuminate\\Pipeline\\Pipeline->Illuminate\\Pipeline\\{closure}(Object(Illuminate\\Http\\Request))
#42 C:\\Users\\Asus\\Desktop\\will\\wildan-firdaus\\vendor\\laravel\\framework\\src\\Illuminate\\Foundation\\Http\\Middleware\\TrimStrings.php(51): Illuminate\\Foundation\\Http\\Middleware\\TransformsRequest->handle(Object(Illuminate\\Http\\Request), Object(Closure))
#43 C:\\Users\\Asus\\Desktop\\will\\wildan-firdaus\\vendor\\laravel\\framework\\src\\Illuminate\\Pipeline\\Pipeline.php(183): Illuminate\\Foundation\\Http\\Middleware\\TrimStrings->handle(Object(Illuminate\\Http\\Request), Object(Closure))
#44 C:\\Users\\Asus\\Desktop\\will\\wildan-firdaus\\vendor\\laravel\\framework\\src\\Illuminate\\Http\\Middleware\\ValidatePostSize.php(27): Illuminate\\Pipeline\\Pipeline->Illuminate\\Pipeline\\{closure}(Object(Illuminate\\Http\\Request))
#45 C:\\Users\\Asus\\Desktop\\will\\wildan-firdaus\\vendor\\laravel\\framework\\src\\Illuminate\\Pipeline\\Pipeline.php(183): Illuminate\\Http\\Middleware\\ValidatePostSize->handle(Object(Illuminate\\Http\\Request), Object(Closure))
#46 C:\\Users\\Asus\\Desktop\\will\\wildan-firdaus\\vendor\\laravel\\framework\\src\\Illuminate\\Foundation\\Http\\Middleware\\PreventRequestsDuringMaintenance.php(110): Illuminate\\Pipeline\\Pipeline->Illuminate\\Pipeline\\{closure}(Object(Illuminate\\Http\\Request))
#47 C:\\Users\\Asus\\Desktop\\will\\wildan-firdaus\\vendor\\laravel\\framework\\src\\Illuminate\\Pipeline\\Pipeline.php(183): Illuminate\\Foundation\\Http\\Middleware\\PreventRequestsDuringMaintenance->handle(Object(Illuminate\\Http\\Request), Object(Closure))
#48 C:\\Users\\Asus\\Desktop\\will\\wildan-firdaus\\vendor\\laravel\\framework\\src\\Illuminate\\Http\\Middleware\\HandleCors.php(49): Illuminate\\Pipeline\\Pipeline->Illuminate\\Pipeline\\{closure}(Object(Illuminate\\Http\\Request))
#49 C:\\Users\\Asus\\Desktop\\will\\wildan-firdaus\\vendor\\laravel\\framework\\src\\Illuminate\\Pipeline\\Pipeline.php(183): Illuminate\\Http\\Middleware\\HandleCors->handle(Object(Illuminate\\Http\\Request), Object(Closure))
#50 C:\\Users\\Asus\\Desktop\\will\\wildan-firdaus\\vendor\\laravel\\framework\\src\\Illuminate\\Http\\Middleware\\TrustProxies.php(58): Illuminate\\Pipeline\\Pipeline->Illuminate\\Pipeline\\{closure}(Object(Illuminate\\Http\\Request))
#51 C:\\Users\\Asus\\Desktop\\will\\wildan-firdaus\\vendor\\laravel\\framework\\src\\Illuminate\\Pipeline\\Pipeline.php(183): Illuminate\\Http\\Middleware\\TrustProxies->handle(Object(Illuminate\\Http\\Request), Object(Closure))
#52 C:\\Users\\Asus\\Desktop\\will\\wildan-firdaus\\vendor\\laravel\\framework\\src\\Illuminate\\Foundation\\Http\\Middleware\\InvokeDeferredCallbacks.php(22): Illuminate\\Pipeline\\Pipeline->Illuminate\\Pipeline\\{closure}(Object(Illuminate\\Http\\Request))
#53 C:\\Users\\Asus\\Desktop\\will\\wildan-firdaus\\vendor\\laravel\\framework\\src\\Illuminate\\Pipeline\\Pipeline.php(183): Illuminate\\Foundation\\Http\\Middleware\\InvokeDeferredCallbacks->handle(Object(Illuminate\\Http\\Request), Object(Closure))
#54 C:\\Users\\Asus\\Desktop\\will\\wildan-firdaus\\vendor\\laravel\\framework\\src\\Illuminate\\Pipeline\\Pipeline.php(119): Illuminate\\Pipeline\\Pipeline->Illuminate\\Pipeline\\{closure}(Object(Illuminate\\Http\\Request))
#55 C:\\Users\\Asus\\Desktop\\will\\wildan-firdaus\\vendor\\laravel\\framework\\src\\Illuminate\\Foundation\\Http\\Kernel.php(176): Illuminate\\Pipeline\\Pipeline->then(Object(Closure))
#56 C:\\Users\\Asus\\Desktop\\will\\wildan-firdaus\\vendor\\laravel\\framework\\src\\Illuminate\\Foundation\\Http\\Kernel.php(145): Illuminate\\Foundation\\Http\\Kernel->sendRequestThroughRouter(Object(Illuminate\\Http\\Request))
#57 C:\\Users\\Asus\\Desktop\\will\\wildan-firdaus\\vendor\\laravel\\framework\\src\\Illuminate\\Foundation\\Application.php(1188): Illuminate\\Foundation\\Http\\Kernel->handle(Object(Illuminate\\Http\\Request))
#58 C:\\Users\\Asus\\Desktop\\will\\wildan-firdaus\\public\\index.php(17): Illuminate\\Foundation\\Application->handleRequest(Object(Illuminate\\Http\\Request))
#59 C:\\Users\\Asus\\Desktop\\will\\wildan-firdaus\\vendor\\laravel\\framework\\src\\Illuminate\\Foundation\\resources\\server.php(23): require_once('C:\\\\Users\\\\Asus\\\\D...')
#60 {main}
"} 
[2024-11-25 07:18:05] local.ERROR: Database file at path [C:\xampp\htdocs\wildan-firdaus\database\database.sqlite] does not exist. Ensure this is an absolute path to the database. (Connection: sqlite, SQL: select * from "sessions" where "id" = VPrGPV4UGSJz1XdrS8YOYLRPRm7Gyo7AVGC5tzgG limit 1) {"exception":"[object] (Illuminate\\Database\\QueryException(code: 0): Database file at path [C:\\xampp\\htdocs\\wildan-firdaus\\database\\database.sqlite] does not exist. Ensure this is an absolute path to the database. (Connection: sqlite, SQL: select * from \"sessions\" where \"id\" = VPrGPV4UGSJz1XdrS8YOYLRPRm7Gyo7AVGC5tzgG limit 1) at C:\\Users\\Asus\\Desktop\\will\\wildan-firdaus\\vendor\\laravel\\framework\\src\\Illuminate\\Database\\Connection.php:825)
[stacktrace]
#0 C:\\Users\\Asus\\Desktop\\will\\wildan-firdaus\\vendor\\laravel\\framework\\src\\Illuminate\\Database\\Connection.php(779): Illuminate\\Database\\Connection->runQueryCallback('select * from \"...', Array, Object(Closure))
#1 C:\\Users\\Asus\\Desktop\\will\\wildan-firdaus\\vendor\\laravel\\framework\\src\\Illuminate\\Database\\Connection.php(398): Illuminate\\Database\\Connection->run('select * from \"...', Array, Object(Closure))
#2 C:\\Users\\Asus\\Desktop\\will\\wildan-firdaus\\vendor\\laravel\\framework\\src\\Illuminate\\Database\\Query\\Builder.php(3132): Illuminate\\Database\\Connection->select('select * from \"...', Array, true)
#3 C:\\Users\\Asus\\Desktop\\will\\wildan-firdaus\\vendor\\laravel\\framework\\src\\Illuminate\\Database\\Query\\Builder.php(3117): Illuminate\\Database\\Query\\Builder->runSelect()
#4 C:\\Users\\Asus\\Desktop\\will\\wildan-firdaus\\vendor\\laravel\\framework\\src\\Illuminate\\Database\\Query\\Builder.php(3705): Illuminate\\Database\\Query\\Builder->Illuminate\\Database\\Query\\{closure}()
#5 C:\\Users\\Asus\\Desktop\\will\\wildan-firdaus\\vendor\\laravel\\framework\\src\\Illuminate\\Database\\Query\\Builder.php(3116): Illuminate\\Database\\Query\\Builder->onceWithColumns(Array, Object(Closure))
#6 C:\\Users\\Asus\\Desktop\\will\\wildan-firdaus\\vendor\\laravel\\framework\\src\\Illuminate\\Database\\Concerns\\BuildsQueries.php(344): Illuminate\\Database\\Query\\Builder->get(Array)
#7 C:\\Users\\Asus\\Desktop\\will\\wildan-firdaus\\vendor\\laravel\\framework\\src\\Illuminate\\Database\\Query\\Builder.php(3037): Illuminate\\Database\\Query\\Builder->first(Array)
#8 C:\\Users\\Asus\\Desktop\\will\\wildan-firdaus\\vendor\\laravel\\framework\\src\\Illuminate\\Session\\DatabaseSessionHandler.php(97): Illuminate\\Database\\Query\\Builder->find('VPrGPV4UGSJz1Xd...')
#9 C:\\Users\\Asus\\Desktop\\will\\wildan-firdaus\\vendor\\laravel\\framework\\src\\Illuminate\\Session\\Store.php(113): Illuminate\\Session\\DatabaseSessionHandler->read('VPrGPV4UGSJz1Xd...')
#10 C:\\Users\\Asus\\Desktop\\will\\wildan-firdaus\\vendor\\laravel\\framework\\src\\Illuminate\\Session\\Store.php(101): Illuminate\\Session\\Store->readFromHandler()
#11 C:\\Users\\Asus\\Desktop\\will\\wildan-firdaus\\vendor\\laravel\\framework\\src\\Illuminate\\Session\\Store.php(85): Illuminate\\Session\\Store->loadSession()
#12 C:\\Users\\Asus\\Desktop\\will\\wildan-firdaus\\vendor\\laravel\\framework\\src\\Illuminate\\Session\\Middleware\\StartSession.php(147): Illuminate\\Session\\Store->start()
#13 C:\\Users\\Asus\\Desktop\\will\\wildan-firdaus\\vendor\\laravel\\framework\\src\\Illuminate\\Support\\helpers.php(380): Illuminate\\Session\\Middleware\\StartSession->Illuminate\\Session\\Middleware\\{closure}(Object(Illuminate\\Session\\Store))
#14 C:\\Users\\Asus\\Desktop\\will\\wildan-firdaus\\vendor\\laravel\\framework\\src\\Illuminate\\Session\\Middleware\\StartSession.php(144): tap(Object(Illuminate\\Session\\Store), Object(Closure))
#15 C:\\Users\\Asus\\Desktop\\will\\wildan-firdaus\\vendor\\laravel\\framework\\src\\Illuminate\\Session\\Middleware\\StartSession.php(116): Illuminate\\Session\\Middleware\\StartSession->startSession(Object(Illuminate\\Http\\Request), Object(Illuminate\\Session\\Store))
#16 C:\\Users\\Asus\\Desktop\\will\\wildan-firdaus\\vendor\\laravel\\framework\\src\\Illuminate\\Session\\Middleware\\StartSession.php(64): Illuminate\\Session\\Middleware\\StartSession->handleStatefulRequest(Object(Illuminate\\Http\\Request), Object(Illuminate\\Session\\Store), Object(Closure))
#17 C:\\Users\\Asus\\Desktop\\will\\wildan-firdaus\\vendor\\laravel\\framework\\src\\Illuminate\\Pipeline\\Pipeline.php(183): Illuminate\\Session\\Middleware\\StartSession->handle(Object(Illuminate\\Http\\Request), Object(Closure))
#18 C:\\Users\\Asus\\Desktop\\will\\wildan-firdaus\\vendor\\laravel\\framework\\src\\Illuminate\\Cookie\\Middleware\\AddQueuedCookiesToResponse.php(37): Illuminate\\Pipeline\\Pipeline->Illuminate\\Pipeline\\{closure}(Object(Illuminate\\Http\\Request))
#19 C:\\Users\\Asus\\Desktop\\will\\wildan-firdaus\\vendor\\laravel\\framework\\src\\Illuminate\\Pipeline\\Pipeline.php(183): Illuminate\\Cookie\\Middleware\\AddQueuedCookiesToResponse->handle(Object(Illuminate\\Http\\Request), Object(Closure))
#20 C:\\Users\\Asus\\Desktop\\will\\wildan-firdaus\\vendor\\laravel\\framework\\src\\Illuminate\\Cookie\\Middleware\\EncryptCookies.php(75): Illuminate\\Pipeline\\Pipeline->Illuminate\\Pipeline\\{closure}(Object(Illuminate\\Http\\Request))
#21 C:\\Users\\Asus\\Desktop\\will\\wildan-firdaus\\vendor\\laravel\\framework\\src\\Illuminate\\Pipeline\\Pipeline.php(183): Illuminate\\Cookie\\Middleware\\EncryptCookies->handle(Object(Illuminate\\Http\\Request), Object(Closure))
#22 C:\\Users\\Asus\\Desktop\\will\\wildan-firdaus\\vendor\\laravel\\framework\\src\\Illuminate\\Pipeline\\Pipeline.php(119): Illuminate\\Pipeline\\Pipeline->Illuminate\\Pipeline\\{closure}(Object(Illuminate\\Http\\Request))
#23 C:\\Users\\Asus\\Desktop\\will\\wildan-firdaus\\vendor\\laravel\\framework\\src\\Illuminate\\Routing\\Router.php(807): Illuminate\\Pipeline\\Pipeline->then(Object(Closure))
#24 C:\\Users\\Asus\\Desktop\\will\\wildan-firdaus\\vendor\\laravel\\framework\\src\\Illuminate\\Routing\\Router.php(786): Illuminate\\Routing\\Router->runRouteWithinStack(Object(Illuminate\\Routing\\Route), Object(Illuminate\\Http\\Request))
#25 C:\\Users\\Asus\\Desktop\\will\\wildan-firdaus\\vendor\\laravel\\framework\\src\\Illuminate\\Routing\\Router.php(750): Illuminate\\Routing\\Router->runRoute(Object(Illuminate\\Http\\Request), Object(Illuminate\\Routing\\Route))
#26 C:\\Users\\Asus\\Desktop\\will\\wildan-firdaus\\vendor\\laravel\\framework\\src\\Illuminate\\Routing\\Router.php(739): Illuminate\\Routing\\Router->dispatchToRoute(Object(Illuminate\\Http\\Request))
#27 C:\\Users\\Asus\\Desktop\\will\\wildan-firdaus\\vendor\\laravel\\framework\\src\\Illuminate\\Foundation\\Http\\Kernel.php(201): Illuminate\\Routing\\Router->dispatch(Object(Illuminate\\Http\\Request))
#28 C:\\Users\\Asus\\Desktop\\will\\wildan-firdaus\\vendor\\laravel\\framework\\src\\Illuminate\\Pipeline\\Pipeline.php(144): Illuminate\\Foundation\\Http\\Kernel->Illuminate\\Foundation\\Http\\{closure}(Object(Illuminate\\Http\\Request))
#29 C:\\Users\\Asus\\Desktop\\will\\wildan-firdaus\\vendor\\livewire\\livewire\\src\\Features\\SupportDisablingBackButtonCache\\DisableBackButtonCacheMiddleware.php(19): Illuminate\\Pipeline\\Pipeline->Illuminate\\Pipeline\\{closure}(Object(Illuminate\\Http\\Request))
#30 C:\\Users\\Asus\\Desktop\\will\\wildan-firdaus\\vendor\\laravel\\framework\\src\\Illuminate\\Pipeline\\Pipeline.php(183): Livewire\\Features\\SupportDisablingBackButtonCache\\DisableBackButtonCacheMiddleware->handle(Object(Illuminate\\Http\\Request), Object(Closure))
#31 C:\\Users\\Asus\\Desktop\\will\\wildan-firdaus\\vendor\\laravel\\framework\\src\\Illuminate\\Foundation\\Http\\Middleware\\TransformsRequest.php(21): Illuminate\\Pipeline\\Pipeline->Illuminate\\Pipeline\\{closure}(Object(Illuminate\\Http\\Request))
#32 C:\\Users\\Asus\\Desktop\\will\\wildan-firdaus\\vendor\\laravel\\framework\\src\\Illuminate\\Foundation\\Http\\Middleware\\ConvertEmptyStringsToNull.php(31): Illuminate\\Foundation\\Http\\Middleware\\TransformsRequest->handle(Object(Illuminate\\Http\\Request), Object(Closure))
#33 C:\\Users\\Asus\\Desktop\\will\\wildan-firdaus\\vendor\\laravel\\framework\\src\\Illuminate\\Pipeline\\Pipeline.php(183): Illuminate\\Foundation\\Http\\Middleware\\ConvertEmptyStringsToNull->handle(Object(Illuminate\\Http\\Request), Object(Closure))
#34 C:\\Users\\Asus\\Desktop\\will\\wildan-firdaus\\vendor\\laravel\\framework\\src\\Illuminate\\Foundation\\Http\\Middleware\\TransformsRequest.php(21): Illuminate\\Pipeline\\Pipeline->Illuminate\\Pipeline\\{closure}(Object(Illuminate\\Http\\Request))
#35 C:\\Users\\Asus\\Desktop\\will\\wildan-firdaus\\vendor\\laravel\\framework\\src\\Illuminate\\Foundation\\Http\\Middleware\\TrimStrings.php(51): Illuminate\\Foundation\\Http\\Middleware\\TransformsRequest->handle(Object(Illuminate\\Http\\Request), Object(Closure))
#36 C:\\Users\\Asus\\Desktop\\will\\wildan-firdaus\\vendor\\laravel\\framework\\src\\Illuminate\\Pipeline\\Pipeline.php(183): Illuminate\\Foundation\\Http\\Middleware\\TrimStrings->handle(Object(Illuminate\\Http\\Request), Object(Closure))
#37 C:\\Users\\Asus\\Desktop\\will\\wildan-firdaus\\vendor\\laravel\\framework\\src\\Illuminate\\Http\\Middleware\\ValidatePostSize.php(27): Illuminate\\Pipeline\\Pipeline->Illuminate\\Pipeline\\{closure}(Object(Illuminate\\Http\\Request))
#38 C:\\Users\\Asus\\Desktop\\will\\wildan-firdaus\\vendor\\laravel\\framework\\src\\Illuminate\\Pipeline\\Pipeline.php(183): Illuminate\\Http\\Middleware\\ValidatePostSize->handle(Object(Illuminate\\Http\\Request), Object(Closure))
#39 C:\\Users\\Asus\\Desktop\\will\\wildan-firdaus\\vendor\\laravel\\framework\\src\\Illuminate\\Foundation\\Http\\Middleware\\PreventRequestsDuringMaintenance.php(110): Illuminate\\Pipeline\\Pipeline->Illuminate\\Pipeline\\{closure}(Object(Illuminate\\Http\\Request))
#40 C:\\Users\\Asus\\Desktop\\will\\wildan-firdaus\\vendor\\laravel\\framework\\src\\Illuminate\\Pipeline\\Pipeline.php(183): Illuminate\\Foundation\\Http\\Middleware\\PreventRequestsDuringMaintenance->handle(Object(Illuminate\\Http\\Request), Object(Closure))
#41 C:\\Users\\Asus\\Desktop\\will\\wildan-firdaus\\vendor\\laravel\\framework\\src\\Illuminate\\Http\\Middleware\\HandleCors.php(49): Illuminate\\Pipeline\\Pipeline->Illuminate\\Pipeline\\{closure}(Object(Illuminate\\Http\\Request))
#42 C:\\Users\\Asus\\Desktop\\will\\wildan-firdaus\\vendor\\laravel\\framework\\src\\Illuminate\\Pipeline\\Pipeline.php(183): Illuminate\\Http\\Middleware\\HandleCors->handle(Object(Illuminate\\Http\\Request), Object(Closure))
#43 C:\\Users\\Asus\\Desktop\\will\\wildan-firdaus\\vendor\\laravel\\framework\\src\\Illuminate\\Http\\Middleware\\TrustProxies.php(58): Illuminate\\Pipeline\\Pipeline->Illuminate\\Pipeline\\{closure}(Object(Illuminate\\Http\\Request))
#44 C:\\Users\\Asus\\Desktop\\will\\wildan-firdaus\\vendor\\laravel\\framework\\src\\Illuminate\\Pipeline\\Pipeline.php(183): Illuminate\\Http\\Middleware\\TrustProxies->handle(Object(Illuminate\\Http\\Request), Object(Closure))
#45 C:\\Users\\Asus\\Desktop\\will\\wildan-firdaus\\vendor\\laravel\\framework\\src\\Illuminate\\Foundation\\Http\\Middleware\\InvokeDeferredCallbacks.php(22): Illuminate\\Pipeline\\Pipeline->Illuminate\\Pipeline\\{closure}(Object(Illuminate\\Http\\Request))
#46 C:\\Users\\Asus\\Desktop\\will\\wildan-firdaus\\vendor\\laravel\\framework\\src\\Illuminate\\Pipeline\\Pipeline.php(183): Illuminate\\Foundation\\Http\\Middleware\\InvokeDeferredCallbacks->handle(Object(Illuminate\\Http\\Request), Object(Closure))
#47 C:\\Users\\Asus\\Desktop\\will\\wildan-firdaus\\vendor\\laravel\\framework\\src\\Illuminate\\Pipeline\\Pipeline.php(119): Illuminate\\Pipeline\\Pipeline->Illuminate\\Pipeline\\{closure}(Object(Illuminate\\Http\\Request))
#48 C:\\Users\\Asus\\Desktop\\will\\wildan-firdaus\\vendor\\laravel\\framework\\src\\Illuminate\\Foundation\\Http\\Kernel.php(176): Illuminate\\Pipeline\\Pipeline->then(Object(Closure))
#49 C:\\Users\\Asus\\Desktop\\will\\wildan-firdaus\\vendor\\laravel\\framework\\src\\Illuminate\\Foundation\\Http\\Kernel.php(145): Illuminate\\Foundation\\Http\\Kernel->sendRequestThroughRouter(Object(Illuminate\\Http\\Request))
#50 C:\\Users\\Asus\\Desktop\\will\\wildan-firdaus\\vendor\\laravel\\framework\\src\\Illuminate\\Foundation\\Application.php(1188): Illuminate\\Foundation\\Http\\Kernel->handle(Object(Illuminate\\Http\\Request))
#51 C:\\Users\\Asus\\Desktop\\will\\wildan-firdaus\\public\\index.php(17): Illuminate\\Foundation\\Application->handleRequest(Object(Illuminate\\Http\\Request))
#52 C:\\Users\\Asus\\Desktop\\will\\wildan-firdaus\\vendor\\laravel\\framework\\src\\Illuminate\\Foundation\\resources\\server.php(23): require_once('C:\\\\Users\\\\Asus\\\\D...')
#53 {main}

[previous exception] [object] (Illuminate\\Database\\SQLiteDatabaseDoesNotExistException(code: 0): Database file at path [C:\\xampp\\htdocs\\wildan-firdaus\\database\\database.sqlite] does not exist. Ensure this is an absolute path to the database. at C:\\Users\\Asus\\Desktop\\will\\wildan-firdaus\\vendor\\laravel\\framework\\src\\Illuminate\\Database\\Connectors\\SQLiteConnector.php:34)
[stacktrace]
#0 C:\\Users\\Asus\\Desktop\\will\\wildan-firdaus\\vendor\\laravel\\framework\\src\\Illuminate\\Database\\Connectors\\ConnectionFactory.php(224): Illuminate\\Database\\Connectors\\SQLiteConnector->connect(Array)
#1 [internal function]: Illuminate\\Database\\Connectors\\ConnectionFactory->Illuminate\\Database\\Connectors\\{closure}()
#2 C:\\Users\\Asus\\Desktop\\will\\wildan-firdaus\\vendor\\laravel\\framework\\src\\Illuminate\\Database\\Connection.php(1231): call_user_func(Object(Closure))
#3 C:\\Users\\Asus\\Desktop\\will\\wildan-firdaus\\vendor\\laravel\\framework\\src\\Illuminate\\Database\\Connection.php(1267): Illuminate\\Database\\Connection->getPdo()
#4 C:\\Users\\Asus\\Desktop\\will\\wildan-firdaus\\vendor\\laravel\\framework\\src\\Illuminate\\Database\\Connection.php(512): Illuminate\\Database\\Connection->getReadPdo()
#5 C:\\Users\\Asus\\Desktop\\will\\wildan-firdaus\\vendor\\laravel\\framework\\src\\Illuminate\\Database\\Connection.php(407): Illuminate\\Database\\Connection->getPdoForSelect(true)
#6 C:\\Users\\Asus\\Desktop\\will\\wildan-firdaus\\vendor\\laravel\\framework\\src\\Illuminate\\Database\\Connection.php(812): Illuminate\\Database\\Connection->Illuminate\\Database\\{closure}('select * from \"...', Array)
#7 C:\\Users\\Asus\\Desktop\\will\\wildan-firdaus\\vendor\\laravel\\framework\\src\\Illuminate\\Database\\Connection.php(779): Illuminate\\Database\\Connection->runQueryCallback('select * from \"...', Array, Object(Closure))
#8 C:\\Users\\Asus\\Desktop\\will\\wildan-firdaus\\vendor\\laravel\\framework\\src\\Illuminate\\Database\\Connection.php(398): Illuminate\\Database\\Connection->run('select * from \"...', Array, Object(Closure))
#9 C:\\Users\\Asus\\Desktop\\will\\wildan-firdaus\\vendor\\laravel\\framework\\src\\Illuminate\\Database\\Query\\Builder.php(3132): Illuminate\\Database\\Connection->select('select * from \"...', Array, true)
#10 C:\\Users\\Asus\\Desktop\\will\\wildan-firdaus\\vendor\\laravel\\framework\\src\\Illuminate\\Database\\Query\\Builder.php(3117): Illuminate\\Database\\Query\\Builder->runSelect()
#11 C:\\Users\\Asus\\Desktop\\will\\wildan-firdaus\\vendor\\laravel\\framework\\src\\Illuminate\\Database\\Query\\Builder.php(3705): Illuminate\\Database\\Query\\Builder->Illuminate\\Database\\Query\\{closure}()
#12 C:\\Users\\Asus\\Desktop\\will\\wildan-firdaus\\vendor\\laravel\\framework\\src\\Illuminate\\Database\\Query\\Builder.php(3116): Illuminate\\Database\\Query\\Builder->onceWithColumns(Array, Object(Closure))
#13 C:\\Users\\Asus\\Desktop\\will\\wildan-firdaus\\vendor\\laravel\\framework\\src\\Illuminate\\Database\\Concerns\\BuildsQueries.php(344): Illuminate\\Database\\Query\\Builder->get(Array)
#14 C:\\Users\\Asus\\Desktop\\will\\wildan-firdaus\\vendor\\laravel\\framework\\src\\Illuminate\\Database\\Query\\Builder.php(3037): Illuminate\\Database\\Query\\Builder->first(Array)
#15 C:\\Users\\Asus\\Desktop\\will\\wildan-firdaus\\vendor\\laravel\\framework\\src\\Illuminate\\Session\\DatabaseSessionHandler.php(97): Illuminate\\Database\\Query\\Builder->find('VPrGPV4UGSJz1Xd...')
#16 C:\\Users\\Asus\\Desktop\\will\\wildan-firdaus\\vendor\\laravel\\framework\\src\\Illuminate\\Session\\Store.php(113): Illuminate\\Session\\DatabaseSessionHandler->read('VPrGPV4UGSJz1Xd...')
#17 C:\\Users\\Asus\\Desktop\\will\\wildan-firdaus\\vendor\\laravel\\framework\\src\\Illuminate\\Session\\Store.php(101): Illuminate\\Session\\Store->readFromHandler()
#18 C:\\Users\\Asus\\Desktop\\will\\wildan-firdaus\\vendor\\laravel\\framework\\src\\Illuminate\\Session\\Store.php(85): Illuminate\\Session\\Store->loadSession()
#19 C:\\Users\\Asus\\Desktop\\will\\wildan-firdaus\\vendor\\laravel\\framework\\src\\Illuminate\\Session\\Middleware\\StartSession.php(147): Illuminate\\Session\\Store->start()
#20 C:\\Users\\Asus\\Desktop\\will\\wildan-firdaus\\vendor\\laravel\\framework\\src\\Illuminate\\Support\\helpers.php(380): Illuminate\\Session\\Middleware\\StartSession->Illuminate\\Session\\Middleware\\{closure}(Object(Illuminate\\Session\\Store))
#21 C:\\Users\\Asus\\Desktop\\will\\wildan-firdaus\\vendor\\laravel\\framework\\src\\Illuminate\\Session\\Middleware\\StartSession.php(144): tap(Object(Illuminate\\Session\\Store), Object(Closure))
#22 C:\\Users\\Asus\\Desktop\\will\\wildan-firdaus\\vendor\\laravel\\framework\\src\\Illuminate\\Session\\Middleware\\StartSession.php(116): Illuminate\\Session\\Middleware\\StartSession->startSession(Object(Illuminate\\Http\\Request), Object(Illuminate\\Session\\Store))
#23 C:\\Users\\Asus\\Desktop\\will\\wildan-firdaus\\vendor\\laravel\\framework\\src\\Illuminate\\Session\\Middleware\\StartSession.php(64): Illuminate\\Session\\Middleware\\StartSession->handleStatefulRequest(Object(Illuminate\\Http\\Request), Object(Illuminate\\Session\\Store), Object(Closure))
#24 C:\\Users\\Asus\\Desktop\\will\\wildan-firdaus\\vendor\\laravel\\framework\\src\\Illuminate\\Pipeline\\Pipeline.php(183): Illuminate\\Session\\Middleware\\StartSession->handle(Object(Illuminate\\Http\\Request), Object(Closure))
#25 C:\\Users\\Asus\\Desktop\\will\\wildan-firdaus\\vendor\\laravel\\framework\\src\\Illuminate\\Cookie\\Middleware\\AddQueuedCookiesToResponse.php(37): Illuminate\\Pipeline\\Pipeline->Illuminate\\Pipeline\\{closure}(Object(Illuminate\\Http\\Request))
#26 C:\\Users\\Asus\\Desktop\\will\\wildan-firdaus\\vendor\\laravel\\framework\\src\\Illuminate\\Pipeline\\Pipeline.php(183): Illuminate\\Cookie\\Middleware\\AddQueuedCookiesToResponse->handle(Object(Illuminate\\Http\\Request), Object(Closure))
#27 C:\\Users\\Asus\\Desktop\\will\\wildan-firdaus\\vendor\\laravel\\framework\\src\\Illuminate\\Cookie\\Middleware\\EncryptCookies.php(75): Illuminate\\Pipeline\\Pipeline->Illuminate\\Pipeline\\{closure}(Object(Illuminate\\Http\\Request))
#28 C:\\Users\\Asus\\Desktop\\will\\wildan-firdaus\\vendor\\laravel\\framework\\src\\Illuminate\\Pipeline\\Pipeline.php(183): Illuminate\\Cookie\\Middleware\\EncryptCookies->handle(Object(Illuminate\\Http\\Request), Object(Closure))
#29 C:\\Users\\Asus\\Desktop\\will\\wildan-firdaus\\vendor\\laravel\\framework\\src\\Illuminate\\Pipeline\\Pipeline.php(119): Illuminate\\Pipeline\\Pipeline->Illuminate\\Pipeline\\{closure}(Object(Illuminate\\Http\\Request))
#30 C:\\Users\\Asus\\Desktop\\will\\wildan-firdaus\\vendor\\laravel\\framework\\src\\Illuminate\\Routing\\Router.php(807): Illuminate\\Pipeline\\Pipeline->then(Object(Closure))
#31 C:\\Users\\Asus\\Desktop\\will\\wildan-firdaus\\vendor\\laravel\\framework\\src\\Illuminate\\Routing\\Router.php(786): Illuminate\\Routing\\Router->runRouteWithinStack(Object(Illuminate\\Routing\\Route), Object(Illuminate\\Http\\Request))
#32 C:\\Users\\Asus\\Desktop\\will\\wildan-firdaus\\vendor\\laravel\\framework\\src\\Illuminate\\Routing\\Router.php(750): Illuminate\\Routing\\Router->runRoute(Object(Illuminate\\Http\\Request), Object(Illuminate\\Routing\\Route))
#33 C:\\Users\\Asus\\Desktop\\will\\wildan-firdaus\\vendor\\laravel\\framework\\src\\Illuminate\\Routing\\Router.php(739): Illuminate\\Routing\\Router->dispatchToRoute(Object(Illuminate\\Http\\Request))
#34 C:\\Users\\Asus\\Desktop\\will\\wildan-firdaus\\vendor\\laravel\\framework\\src\\Illuminate\\Foundation\\Http\\Kernel.php(201): Illuminate\\Routing\\Router->dispatch(Object(Illuminate\\Http\\Request))
#35 C:\\Users\\Asus\\Desktop\\will\\wildan-firdaus\\vendor\\laravel\\framework\\src\\Illuminate\\Pipeline\\Pipeline.php(144): Illuminate\\Foundation\\Http\\Kernel->Illuminate\\Foundation\\Http\\{closure}(Object(Illuminate\\Http\\Request))
#36 C:\\Users\\Asus\\Desktop\\will\\wildan-firdaus\\vendor\\livewire\\livewire\\src\\Features\\SupportDisablingBackButtonCache\\DisableBackButtonCacheMiddleware.php(19): Illuminate\\Pipeline\\Pipeline->Illuminate\\Pipeline\\{closure}(Object(Illuminate\\Http\\Request))
#37 C:\\Users\\Asus\\Desktop\\will\\wildan-firdaus\\vendor\\laravel\\framework\\src\\Illuminate\\Pipeline\\Pipeline.php(183): Livewire\\Features\\SupportDisablingBackButtonCache\\DisableBackButtonCacheMiddleware->handle(Object(Illuminate\\Http\\Request), Object(Closure))
#38 C:\\Users\\Asus\\Desktop\\will\\wildan-firdaus\\vendor\\laravel\\framework\\src\\Illuminate\\Foundation\\Http\\Middleware\\TransformsRequest.php(21): Illuminate\\Pipeline\\Pipeline->Illuminate\\Pipeline\\{closure}(Object(Illuminate\\Http\\Request))
#39 C:\\Users\\Asus\\Desktop\\will\\wildan-firdaus\\vendor\\laravel\\framework\\src\\Illuminate\\Foundation\\Http\\Middleware\\ConvertEmptyStringsToNull.php(31): Illuminate\\Foundation\\Http\\Middleware\\TransformsRequest->handle(Object(Illuminate\\Http\\Request), Object(Closure))
#40 C:\\Users\\Asus\\Desktop\\will\\wildan-firdaus\\vendor\\laravel\\framework\\src\\Illuminate\\Pipeline\\Pipeline.php(183): Illuminate\\Foundation\\Http\\Middleware\\ConvertEmptyStringsToNull->handle(Object(Illuminate\\Http\\Request), Object(Closure))
#41 C:\\Users\\Asus\\Desktop\\will\\wildan-firdaus\\vendor\\laravel\\framework\\src\\Illuminate\\Foundation\\Http\\Middleware\\TransformsRequest.php(21): Illuminate\\Pipeline\\Pipeline->Illuminate\\Pipeline\\{closure}(Object(Illuminate\\Http\\Request))
#42 C:\\Users\\Asus\\Desktop\\will\\wildan-firdaus\\vendor\\laravel\\framework\\src\\Illuminate\\Foundation\\Http\\Middleware\\TrimStrings.php(51): Illuminate\\Foundation\\Http\\Middleware\\TransformsRequest->handle(Object(Illuminate\\Http\\Request), Object(Closure))
#43 C:\\Users\\Asus\\Desktop\\will\\wildan-firdaus\\vendor\\laravel\\framework\\src\\Illuminate\\Pipeline\\Pipeline.php(183): Illuminate\\Foundation\\Http\\Middleware\\TrimStrings->handle(Object(Illuminate\\Http\\Request), Object(Closure))
#44 C:\\Users\\Asus\\Desktop\\will\\wildan-firdaus\\vendor\\laravel\\framework\\src\\Illuminate\\Http\\Middleware\\ValidatePostSize.php(27): Illuminate\\Pipeline\\Pipeline->Illuminate\\Pipeline\\{closure}(Object(Illuminate\\Http\\Request))
#45 C:\\Users\\Asus\\Desktop\\will\\wildan-firdaus\\vendor\\laravel\\framework\\src\\Illuminate\\Pipeline\\Pipeline.php(183): Illuminate\\Http\\Middleware\\ValidatePostSize->handle(Object(Illuminate\\Http\\Request), Object(Closure))
#46 C:\\Users\\Asus\\Desktop\\will\\wildan-firdaus\\vendor\\laravel\\framework\\src\\Illuminate\\Foundation\\Http\\Middleware\\PreventRequestsDuringMaintenance.php(110): Illuminate\\Pipeline\\Pipeline->Illuminate\\Pipeline\\{closure}(Object(Illuminate\\Http\\Request))
#47 C:\\Users\\Asus\\Desktop\\will\\wildan-firdaus\\vendor\\laravel\\framework\\src\\Illuminate\\Pipeline\\Pipeline.php(183): Illuminate\\Foundation\\Http\\Middleware\\PreventRequestsDuringMaintenance->handle(Object(Illuminate\\Http\\Request), Object(Closure))
#48 C:\\Users\\Asus\\Desktop\\will\\wildan-firdaus\\vendor\\laravel\\framework\\src\\Illuminate\\Http\\Middleware\\HandleCors.php(49): Illuminate\\Pipeline\\Pipeline->Illuminate\\Pipeline\\{closure}(Object(Illuminate\\Http\\Request))
#49 C:\\Users\\Asus\\Desktop\\will\\wildan-firdaus\\vendor\\laravel\\framework\\src\\Illuminate\\Pipeline\\Pipeline.php(183): Illuminate\\Http\\Middleware\\HandleCors->handle(Object(Illuminate\\Http\\Request), Object(Closure))
#50 C:\\Users\\Asus\\Desktop\\will\\wildan-firdaus\\vendor\\laravel\\framework\\src\\Illuminate\\Http\\Middleware\\TrustProxies.php(58): Illuminate\\Pipeline\\Pipeline->Illuminate\\Pipeline\\{closure}(Object(Illuminate\\Http\\Request))
#51 C:\\Users\\Asus\\Desktop\\will\\wildan-firdaus\\vendor\\laravel\\framework\\src\\Illuminate\\Pipeline\\Pipeline.php(183): Illuminate\\Http\\Middleware\\TrustProxies->handle(Object(Illuminate\\Http\\Request), Object(Closure))
#52 C:\\Users\\Asus\\Desktop\\will\\wildan-firdaus\\vendor\\laravel\\framework\\src\\Illuminate\\Foundation\\Http\\Middleware\\InvokeDeferredCallbacks.php(22): Illuminate\\Pipeline\\Pipeline->Illuminate\\Pipeline\\{closure}(Object(Illuminate\\Http\\Request))
#53 C:\\Users\\Asus\\Desktop\\will\\wildan-firdaus\\vendor\\laravel\\framework\\src\\Illuminate\\Pipeline\\Pipeline.php(183): Illuminate\\Foundation\\Http\\Middleware\\InvokeDeferredCallbacks->handle(Object(Illuminate\\Http\\Request), Object(Closure))
#54 C:\\Users\\Asus\\Desktop\\will\\wildan-firdaus\\vendor\\laravel\\framework\\src\\Illuminate\\Pipeline\\Pipeline.php(119): Illuminate\\Pipeline\\Pipeline->Illuminate\\Pipeline\\{closure}(Object(Illuminate\\Http\\Request))
#55 C:\\Users\\Asus\\Desktop\\will\\wildan-firdaus\\vendor\\laravel\\framework\\src\\Illuminate\\Foundation\\Http\\Kernel.php(176): Illuminate\\Pipeline\\Pipeline->then(Object(Closure))
#56 C:\\Users\\Asus\\Desktop\\will\\wildan-firdaus\\vendor\\laravel\\framework\\src\\Illuminate\\Foundation\\Http\\Kernel.php(145): Illuminate\\Foundation\\Http\\Kernel->sendRequestThroughRouter(Object(Illuminate\\Http\\Request))
#57 C:\\Users\\Asus\\Desktop\\will\\wildan-firdaus\\vendor\\laravel\\framework\\src\\Illuminate\\Foundation\\Application.php(1188): Illuminate\\Foundation\\Http\\Kernel->handle(Object(Illuminate\\Http\\Request))
#58 C:\\Users\\Asus\\Desktop\\will\\wildan-firdaus\\public\\index.php(17): Illuminate\\Foundation\\Application->handleRequest(Object(Illuminate\\Http\\Request))
#59 C:\\Users\\Asus\\Desktop\\will\\wildan-firdaus\\vendor\\laravel\\framework\\src\\Illuminate\\Foundation\\resources\\server.php(23): require_once('C:\\\\Users\\\\Asus\\\\D...')
#60 {main}
"} 
[2024-11-25 07:18:28] local.ERROR: Database file at path [C:\xampp\htdocs\wildan-firdaus\database\database.sqlite] does not exist. Ensure this is an absolute path to the database. (Connection: sqlite, SQL: select * from "sessions" where "id" = dw04qQodasuUobD4bOhhmddckVwaOJucNuMa1anF limit 1) {"exception":"[object] (Illuminate\\Database\\QueryException(code: 0): Database file at path [C:\\xampp\\htdocs\\wildan-firdaus\\database\\database.sqlite] does not exist. Ensure this is an absolute path to the database. (Connection: sqlite, SQL: select * from \"sessions\" where \"id\" = dw04qQodasuUobD4bOhhmddckVwaOJucNuMa1anF limit 1) at C:\\Users\\Asus\\Desktop\\will\\wildan-firdaus\\vendor\\laravel\\framework\\src\\Illuminate\\Database\\Connection.php:825)
[stacktrace]
#0 C:\\Users\\Asus\\Desktop\\will\\wildan-firdaus\\vendor\\laravel\\framework\\src\\Illuminate\\Database\\Connection.php(779): Illuminate\\Database\\Connection->runQueryCallback('select * from \"...', Array, Object(Closure))
#1 C:\\Users\\Asus\\Desktop\\will\\wildan-firdaus\\vendor\\laravel\\framework\\src\\Illuminate\\Database\\Connection.php(398): Illuminate\\Database\\Connection->run('select * from \"...', Array, Object(Closure))
#2 C:\\Users\\Asus\\Desktop\\will\\wildan-firdaus\\vendor\\laravel\\framework\\src\\Illuminate\\Database\\Query\\Builder.php(3132): Illuminate\\Database\\Connection->select('select * from \"...', Array, true)
#3 C:\\Users\\Asus\\Desktop\\will\\wildan-firdaus\\vendor\\laravel\\framework\\src\\Illuminate\\Database\\Query\\Builder.php(3117): Illuminate\\Database\\Query\\Builder->runSelect()
#4 C:\\Users\\Asus\\Desktop\\will\\wildan-firdaus\\vendor\\laravel\\framework\\src\\Illuminate\\Database\\Query\\Builder.php(3705): Illuminate\\Database\\Query\\Builder->Illuminate\\Database\\Query\\{closure}()
#5 C:\\Users\\Asus\\Desktop\\will\\wildan-firdaus\\vendor\\laravel\\framework\\src\\Illuminate\\Database\\Query\\Builder.php(3116): Illuminate\\Database\\Query\\Builder->onceWithColumns(Array, Object(Closure))
#6 C:\\Users\\Asus\\Desktop\\will\\wildan-firdaus\\vendor\\laravel\\framework\\src\\Illuminate\\Database\\Concerns\\BuildsQueries.php(344): Illuminate\\Database\\Query\\Builder->get(Array)
#7 C:\\Users\\Asus\\Desktop\\will\\wildan-firdaus\\vendor\\laravel\\framework\\src\\Illuminate\\Database\\Query\\Builder.php(3037): Illuminate\\Database\\Query\\Builder->first(Array)
#8 C:\\Users\\Asus\\Desktop\\will\\wildan-firdaus\\vendor\\laravel\\framework\\src\\Illuminate\\Session\\DatabaseSessionHandler.php(97): Illuminate\\Database\\Query\\Builder->find('dw04qQodasuUobD...')
#9 C:\\Users\\Asus\\Desktop\\will\\wildan-firdaus\\vendor\\laravel\\framework\\src\\Illuminate\\Session\\Store.php(113): Illuminate\\Session\\DatabaseSessionHandler->read('dw04qQodasuUobD...')
#10 C:\\Users\\Asus\\Desktop\\will\\wildan-firdaus\\vendor\\laravel\\framework\\src\\Illuminate\\Session\\Store.php(101): Illuminate\\Session\\Store->readFromHandler()
#11 C:\\Users\\Asus\\Desktop\\will\\wildan-firdaus\\vendor\\laravel\\framework\\src\\Illuminate\\Session\\Store.php(85): Illuminate\\Session\\Store->loadSession()
#12 C:\\Users\\Asus\\Desktop\\will\\wildan-firdaus\\vendor\\laravel\\framework\\src\\Illuminate\\Session\\Middleware\\StartSession.php(147): Illuminate\\Session\\Store->start()
#13 C:\\Users\\Asus\\Desktop\\will\\wildan-firdaus\\vendor\\laravel\\framework\\src\\Illuminate\\Support\\helpers.php(380): Illuminate\\Session\\Middleware\\StartSession->Illuminate\\Session\\Middleware\\{closure}(Object(Illuminate\\Session\\Store))
#14 C:\\Users\\Asus\\Desktop\\will\\wildan-firdaus\\vendor\\laravel\\framework\\src\\Illuminate\\Session\\Middleware\\StartSession.php(144): tap(Object(Illuminate\\Session\\Store), Object(Closure))
#15 C:\\Users\\Asus\\Desktop\\will\\wildan-firdaus\\vendor\\laravel\\framework\\src\\Illuminate\\Session\\Middleware\\StartSession.php(116): Illuminate\\Session\\Middleware\\StartSession->startSession(Object(Illuminate\\Http\\Request), Object(Illuminate\\Session\\Store))
#16 C:\\Users\\Asus\\Desktop\\will\\wildan-firdaus\\vendor\\laravel\\framework\\src\\Illuminate\\Session\\Middleware\\StartSession.php(64): Illuminate\\Session\\Middleware\\StartSession->handleStatefulRequest(Object(Illuminate\\Http\\Request), Object(Illuminate\\Session\\Store), Object(Closure))
#17 C:\\Users\\Asus\\Desktop\\will\\wildan-firdaus\\vendor\\laravel\\framework\\src\\Illuminate\\Pipeline\\Pipeline.php(183): Illuminate\\Session\\Middleware\\StartSession->handle(Object(Illuminate\\Http\\Request), Object(Closure))
#18 C:\\Users\\Asus\\Desktop\\will\\wildan-firdaus\\vendor\\laravel\\framework\\src\\Illuminate\\Cookie\\Middleware\\AddQueuedCookiesToResponse.php(37): Illuminate\\Pipeline\\Pipeline->Illuminate\\Pipeline\\{closure}(Object(Illuminate\\Http\\Request))
#19 C:\\Users\\Asus\\Desktop\\will\\wildan-firdaus\\vendor\\laravel\\framework\\src\\Illuminate\\Pipeline\\Pipeline.php(183): Illuminate\\Cookie\\Middleware\\AddQueuedCookiesToResponse->handle(Object(Illuminate\\Http\\Request), Object(Closure))
#20 C:\\Users\\Asus\\Desktop\\will\\wildan-firdaus\\vendor\\laravel\\framework\\src\\Illuminate\\Cookie\\Middleware\\EncryptCookies.php(75): Illuminate\\Pipeline\\Pipeline->Illuminate\\Pipeline\\{closure}(Object(Illuminate\\Http\\Request))
#21 C:\\Users\\Asus\\Desktop\\will\\wildan-firdaus\\vendor\\laravel\\framework\\src\\Illuminate\\Pipeline\\Pipeline.php(183): Illuminate\\Cookie\\Middleware\\EncryptCookies->handle(Object(Illuminate\\Http\\Request), Object(Closure))
#22 C:\\Users\\Asus\\Desktop\\will\\wildan-firdaus\\vendor\\laravel\\framework\\src\\Illuminate\\Pipeline\\Pipeline.php(119): Illuminate\\Pipeline\\Pipeline->Illuminate\\Pipeline\\{closure}(Object(Illuminate\\Http\\Request))
#23 C:\\Users\\Asus\\Desktop\\will\\wildan-firdaus\\vendor\\laravel\\framework\\src\\Illuminate\\Routing\\Router.php(807): Illuminate\\Pipeline\\Pipeline->then(Object(Closure))
#24 C:\\Users\\Asus\\Desktop\\will\\wildan-firdaus\\vendor\\laravel\\framework\\src\\Illuminate\\Routing\\Router.php(786): Illuminate\\Routing\\Router->runRouteWithinStack(Object(Illuminate\\Routing\\Route), Object(Illuminate\\Http\\Request))
#25 C:\\Users\\Asus\\Desktop\\will\\wildan-firdaus\\vendor\\laravel\\framework\\src\\Illuminate\\Routing\\Router.php(750): Illuminate\\Routing\\Router->runRoute(Object(Illuminate\\Http\\Request), Object(Illuminate\\Routing\\Route))
#26 C:\\Users\\Asus\\Desktop\\will\\wildan-firdaus\\vendor\\laravel\\framework\\src\\Illuminate\\Routing\\Router.php(739): Illuminate\\Routing\\Router->dispatchToRoute(Object(Illuminate\\Http\\Request))
#27 C:\\Users\\Asus\\Desktop\\will\\wildan-firdaus\\vendor\\laravel\\framework\\src\\Illuminate\\Foundation\\Http\\Kernel.php(201): Illuminate\\Routing\\Router->dispatch(Object(Illuminate\\Http\\Request))
#28 C:\\Users\\Asus\\Desktop\\will\\wildan-firdaus\\vendor\\laravel\\framework\\src\\Illuminate\\Pipeline\\Pipeline.php(144): Illuminate\\Foundation\\Http\\Kernel->Illuminate\\Foundation\\Http\\{closure}(Object(Illuminate\\Http\\Request))
#29 C:\\Users\\Asus\\Desktop\\will\\wildan-firdaus\\vendor\\livewire\\livewire\\src\\Features\\SupportDisablingBackButtonCache\\DisableBackButtonCacheMiddleware.php(19): Illuminate\\Pipeline\\Pipeline->Illuminate\\Pipeline\\{closure}(Object(Illuminate\\Http\\Request))
#30 C:\\Users\\Asus\\Desktop\\will\\wildan-firdaus\\vendor\\laravel\\framework\\src\\Illuminate\\Pipeline\\Pipeline.php(183): Livewire\\Features\\SupportDisablingBackButtonCache\\DisableBackButtonCacheMiddleware->handle(Object(Illuminate\\Http\\Request), Object(Closure))
#31 C:\\Users\\Asus\\Desktop\\will\\wildan-firdaus\\vendor\\laravel\\framework\\src\\Illuminate\\Foundation\\Http\\Middleware\\TransformsRequest.php(21): Illuminate\\Pipeline\\Pipeline->Illuminate\\Pipeline\\{closure}(Object(Illuminate\\Http\\Request))
#32 C:\\Users\\Asus\\Desktop\\will\\wildan-firdaus\\vendor\\laravel\\framework\\src\\Illuminate\\Foundation\\Http\\Middleware\\ConvertEmptyStringsToNull.php(31): Illuminate\\Foundation\\Http\\Middleware\\TransformsRequest->handle(Object(Illuminate\\Http\\Request), Object(Closure))
#33 C:\\Users\\Asus\\Desktop\\will\\wildan-firdaus\\vendor\\laravel\\framework\\src\\Illuminate\\Pipeline\\Pipeline.php(183): Illuminate\\Foundation\\Http\\Middleware\\ConvertEmptyStringsToNull->handle(Object(Illuminate\\Http\\Request), Object(Closure))
#34 C:\\Users\\Asus\\Desktop\\will\\wildan-firdaus\\vendor\\laravel\\framework\\src\\Illuminate\\Foundation\\Http\\Middleware\\TransformsRequest.php(21): Illuminate\\Pipeline\\Pipeline->Illuminate\\Pipeline\\{closure}(Object(Illuminate\\Http\\Request))
#35 C:\\Users\\Asus\\Desktop\\will\\wildan-firdaus\\vendor\\laravel\\framework\\src\\Illuminate\\Foundation\\Http\\Middleware\\TrimStrings.php(51): Illuminate\\Foundation\\Http\\Middleware\\TransformsRequest->handle(Object(Illuminate\\Http\\Request), Object(Closure))
#36 C:\\Users\\Asus\\Desktop\\will\\wildan-firdaus\\vendor\\laravel\\framework\\src\\Illuminate\\Pipeline\\Pipeline.php(183): Illuminate\\Foundation\\Http\\Middleware\\TrimStrings->handle(Object(Illuminate\\Http\\Request), Object(Closure))
#37 C:\\Users\\Asus\\Desktop\\will\\wildan-firdaus\\vendor\\laravel\\framework\\src\\Illuminate\\Http\\Middleware\\ValidatePostSize.php(27): Illuminate\\Pipeline\\Pipeline->Illuminate\\Pipeline\\{closure}(Object(Illuminate\\Http\\Request))
#38 C:\\Users\\Asus\\Desktop\\will\\wildan-firdaus\\vendor\\laravel\\framework\\src\\Illuminate\\Pipeline\\Pipeline.php(183): Illuminate\\Http\\Middleware\\ValidatePostSize->handle(Object(Illuminate\\Http\\Request), Object(Closure))
#39 C:\\Users\\Asus\\Desktop\\will\\wildan-firdaus\\vendor\\laravel\\framework\\src\\Illuminate\\Foundation\\Http\\Middleware\\PreventRequestsDuringMaintenance.php(110): Illuminate\\Pipeline\\Pipeline->Illuminate\\Pipeline\\{closure}(Object(Illuminate\\Http\\Request))
#40 C:\\Users\\Asus\\Desktop\\will\\wildan-firdaus\\vendor\\laravel\\framework\\src\\Illuminate\\Pipeline\\Pipeline.php(183): Illuminate\\Foundation\\Http\\Middleware\\PreventRequestsDuringMaintenance->handle(Object(Illuminate\\Http\\Request), Object(Closure))
#41 C:\\Users\\Asus\\Desktop\\will\\wildan-firdaus\\vendor\\laravel\\framework\\src\\Illuminate\\Http\\Middleware\\HandleCors.php(49): Illuminate\\Pipeline\\Pipeline->Illuminate\\Pipeline\\{closure}(Object(Illuminate\\Http\\Request))
#42 C:\\Users\\Asus\\Desktop\\will\\wildan-firdaus\\vendor\\laravel\\framework\\src\\Illuminate\\Pipeline\\Pipeline.php(183): Illuminate\\Http\\Middleware\\HandleCors->handle(Object(Illuminate\\Http\\Request), Object(Closure))
#43 C:\\Users\\Asus\\Desktop\\will\\wildan-firdaus\\vendor\\laravel\\framework\\src\\Illuminate\\Http\\Middleware\\TrustProxies.php(58): Illuminate\\Pipeline\\Pipeline->Illuminate\\Pipeline\\{closure}(Object(Illuminate\\Http\\Request))
#44 C:\\Users\\Asus\\Desktop\\will\\wildan-firdaus\\vendor\\laravel\\framework\\src\\Illuminate\\Pipeline\\Pipeline.php(183): Illuminate\\Http\\Middleware\\TrustProxies->handle(Object(Illuminate\\Http\\Request), Object(Closure))
#45 C:\\Users\\Asus\\Desktop\\will\\wildan-firdaus\\vendor\\laravel\\framework\\src\\Illuminate\\Foundation\\Http\\Middleware\\InvokeDeferredCallbacks.php(22): Illuminate\\Pipeline\\Pipeline->Illuminate\\Pipeline\\{closure}(Object(Illuminate\\Http\\Request))
#46 C:\\Users\\Asus\\Desktop\\will\\wildan-firdaus\\vendor\\laravel\\framework\\src\\Illuminate\\Pipeline\\Pipeline.php(183): Illuminate\\Foundation\\Http\\Middleware\\InvokeDeferredCallbacks->handle(Object(Illuminate\\Http\\Request), Object(Closure))
#47 C:\\Users\\Asus\\Desktop\\will\\wildan-firdaus\\vendor\\laravel\\framework\\src\\Illuminate\\Pipeline\\Pipeline.php(119): Illuminate\\Pipeline\\Pipeline->Illuminate\\Pipeline\\{closure}(Object(Illuminate\\Http\\Request))
#48 C:\\Users\\Asus\\Desktop\\will\\wildan-firdaus\\vendor\\laravel\\framework\\src\\Illuminate\\Foundation\\Http\\Kernel.php(176): Illuminate\\Pipeline\\Pipeline->then(Object(Closure))
#49 C:\\Users\\Asus\\Desktop\\will\\wildan-firdaus\\vendor\\laravel\\framework\\src\\Illuminate\\Foundation\\Http\\Kernel.php(145): Illuminate\\Foundation\\Http\\Kernel->sendRequestThroughRouter(Object(Illuminate\\Http\\Request))
#50 C:\\Users\\Asus\\Desktop\\will\\wildan-firdaus\\vendor\\laravel\\framework\\src\\Illuminate\\Foundation\\Application.php(1188): Illuminate\\Foundation\\Http\\Kernel->handle(Object(Illuminate\\Http\\Request))
#51 C:\\Users\\Asus\\Desktop\\will\\wildan-firdaus\\public\\index.php(17): Illuminate\\Foundation\\Application->handleRequest(Object(Illuminate\\Http\\Request))
#52 C:\\Users\\Asus\\Desktop\\will\\wildan-firdaus\\vendor\\laravel\\framework\\src\\Illuminate\\Foundation\\resources\\server.php(23): require_once('C:\\\\Users\\\\Asus\\\\D...')
#53 {main}

[previous exception] [object] (Illuminate\\Database\\SQLiteDatabaseDoesNotExistException(code: 0): Database file at path [C:\\xampp\\htdocs\\wildan-firdaus\\database\\database.sqlite] does not exist. Ensure this is an absolute path to the database. at C:\\Users\\Asus\\Desktop\\will\\wildan-firdaus\\vendor\\laravel\\framework\\src\\Illuminate\\Database\\Connectors\\SQLiteConnector.php:34)
[stacktrace]
#0 C:\\Users\\Asus\\Desktop\\will\\wildan-firdaus\\vendor\\laravel\\framework\\src\\Illuminate\\Database\\Connectors\\ConnectionFactory.php(224): Illuminate\\Database\\Connectors\\SQLiteConnector->connect(Array)
#1 [internal function]: Illuminate\\Database\\Connectors\\ConnectionFactory->Illuminate\\Database\\Connectors\\{closure}()
#2 C:\\Users\\Asus\\Desktop\\will\\wildan-firdaus\\vendor\\laravel\\framework\\src\\Illuminate\\Database\\Connection.php(1231): call_user_func(Object(Closure))
#3 C:\\Users\\Asus\\Desktop\\will\\wildan-firdaus\\vendor\\laravel\\framework\\src\\Illuminate\\Database\\Connection.php(1267): Illuminate\\Database\\Connection->getPdo()
#4 C:\\Users\\Asus\\Desktop\\will\\wildan-firdaus\\vendor\\laravel\\framework\\src\\Illuminate\\Database\\Connection.php(512): Illuminate\\Database\\Connection->getReadPdo()
#5 C:\\Users\\Asus\\Desktop\\will\\wildan-firdaus\\vendor\\laravel\\framework\\src\\Illuminate\\Database\\Connection.php(407): Illuminate\\Database\\Connection->getPdoForSelect(true)
#6 C:\\Users\\Asus\\Desktop\\will\\wildan-firdaus\\vendor\\laravel\\framework\\src\\Illuminate\\Database\\Connection.php(812): Illuminate\\Database\\Connection->Illuminate\\Database\\{closure}('select * from \"...', Array)
#7 C:\\Users\\Asus\\Desktop\\will\\wildan-firdaus\\vendor\\laravel\\framework\\src\\Illuminate\\Database\\Connection.php(779): Illuminate\\Database\\Connection->runQueryCallback('select * from \"...', Array, Object(Closure))
#8 C:\\Users\\Asus\\Desktop\\will\\wildan-firdaus\\vendor\\laravel\\framework\\src\\Illuminate\\Database\\Connection.php(398): Illuminate\\Database\\Connection->run('select * from \"...', Array, Object(Closure))
#9 C:\\Users\\Asus\\Desktop\\will\\wildan-firdaus\\vendor\\laravel\\framework\\src\\Illuminate\\Database\\Query\\Builder.php(3132): Illuminate\\Database\\Connection->select('select * from \"...', Array, true)
#10 C:\\Users\\Asus\\Desktop\\will\\wildan-firdaus\\vendor\\laravel\\framework\\src\\Illuminate\\Database\\Query\\Builder.php(3117): Illuminate\\Database\\Query\\Builder->runSelect()
#11 C:\\Users\\Asus\\Desktop\\will\\wildan-firdaus\\vendor\\laravel\\framework\\src\\Illuminate\\Database\\Query\\Builder.php(3705): Illuminate\\Database\\Query\\Builder->Illuminate\\Database\\Query\\{closure}()
#12 C:\\Users\\Asus\\Desktop\\will\\wildan-firdaus\\vendor\\laravel\\framework\\src\\Illuminate\\Database\\Query\\Builder.php(3116): Illuminate\\Database\\Query\\Builder->onceWithColumns(Array, Object(Closure))
#13 C:\\Users\\Asus\\Desktop\\will\\wildan-firdaus\\vendor\\laravel\\framework\\src\\Illuminate\\Database\\Concerns\\BuildsQueries.php(344): Illuminate\\Database\\Query\\Builder->get(Array)
#14 C:\\Users\\Asus\\Desktop\\will\\wildan-firdaus\\vendor\\laravel\\framework\\src\\Illuminate\\Database\\Query\\Builder.php(3037): Illuminate\\Database\\Query\\Builder->first(Array)
#15 C:\\Users\\Asus\\Desktop\\will\\wildan-firdaus\\vendor\\laravel\\framework\\src\\Illuminate\\Session\\DatabaseSessionHandler.php(97): Illuminate\\Database\\Query\\Builder->find('dw04qQodasuUobD...')
#16 C:\\Users\\Asus\\Desktop\\will\\wildan-firdaus\\vendor\\laravel\\framework\\src\\Illuminate\\Session\\Store.php(113): Illuminate\\Session\\DatabaseSessionHandler->read('dw04qQodasuUobD...')
#17 C:\\Users\\Asus\\Desktop\\will\\wildan-firdaus\\vendor\\laravel\\framework\\src\\Illuminate\\Session\\Store.php(101): Illuminate\\Session\\Store->readFromHandler()
#18 C:\\Users\\Asus\\Desktop\\will\\wildan-firdaus\\vendor\\laravel\\framework\\src\\Illuminate\\Session\\Store.php(85): Illuminate\\Session\\Store->loadSession()
#19 C:\\Users\\Asus\\Desktop\\will\\wildan-firdaus\\vendor\\laravel\\framework\\src\\Illuminate\\Session\\Middleware\\StartSession.php(147): Illuminate\\Session\\Store->start()
#20 C:\\Users\\Asus\\Desktop\\will\\wildan-firdaus\\vendor\\laravel\\framework\\src\\Illuminate\\Support\\helpers.php(380): Illuminate\\Session\\Middleware\\StartSession->Illuminate\\Session\\Middleware\\{closure}(Object(Illuminate\\Session\\Store))
#21 C:\\Users\\Asus\\Desktop\\will\\wildan-firdaus\\vendor\\laravel\\framework\\src\\Illuminate\\Session\\Middleware\\StartSession.php(144): tap(Object(Illuminate\\Session\\Store), Object(Closure))
#22 C:\\Users\\Asus\\Desktop\\will\\wildan-firdaus\\vendor\\laravel\\framework\\src\\Illuminate\\Session\\Middleware\\StartSession.php(116): Illuminate\\Session\\Middleware\\StartSession->startSession(Object(Illuminate\\Http\\Request), Object(Illuminate\\Session\\Store))
#23 C:\\Users\\Asus\\Desktop\\will\\wildan-firdaus\\vendor\\laravel\\framework\\src\\Illuminate\\Session\\Middleware\\StartSession.php(64): Illuminate\\Session\\Middleware\\StartSession->handleStatefulRequest(Object(Illuminate\\Http\\Request), Object(Illuminate\\Session\\Store), Object(Closure))
#24 C:\\Users\\Asus\\Desktop\\will\\wildan-firdaus\\vendor\\laravel\\framework\\src\\Illuminate\\Pipeline\\Pipeline.php(183): Illuminate\\Session\\Middleware\\StartSession->handle(Object(Illuminate\\Http\\Request), Object(Closure))
#25 C:\\Users\\Asus\\Desktop\\will\\wildan-firdaus\\vendor\\laravel\\framework\\src\\Illuminate\\Cookie\\Middleware\\AddQueuedCookiesToResponse.php(37): Illuminate\\Pipeline\\Pipeline->Illuminate\\Pipeline\\{closure}(Object(Illuminate\\Http\\Request))
#26 C:\\Users\\Asus\\Desktop\\will\\wildan-firdaus\\vendor\\laravel\\framework\\src\\Illuminate\\Pipeline\\Pipeline.php(183): Illuminate\\Cookie\\Middleware\\AddQueuedCookiesToResponse->handle(Object(Illuminate\\Http\\Request), Object(Closure))
#27 C:\\Users\\Asus\\Desktop\\will\\wildan-firdaus\\vendor\\laravel\\framework\\src\\Illuminate\\Cookie\\Middleware\\EncryptCookies.php(75): Illuminate\\Pipeline\\Pipeline->Illuminate\\Pipeline\\{closure}(Object(Illuminate\\Http\\Request))
#28 C:\\Users\\Asus\\Desktop\\will\\wildan-firdaus\\vendor\\laravel\\framework\\src\\Illuminate\\Pipeline\\Pipeline.php(183): Illuminate\\Cookie\\Middleware\\EncryptCookies->handle(Object(Illuminate\\Http\\Request), Object(Closure))
#29 C:\\Users\\Asus\\Desktop\\will\\wildan-firdaus\\vendor\\laravel\\framework\\src\\Illuminate\\Pipeline\\Pipeline.php(119): Illuminate\\Pipeline\\Pipeline->Illuminate\\Pipeline\\{closure}(Object(Illuminate\\Http\\Request))
#30 C:\\Users\\Asus\\Desktop\\will\\wildan-firdaus\\vendor\\laravel\\framework\\src\\Illuminate\\Routing\\Router.php(807): Illuminate\\Pipeline\\Pipeline->then(Object(Closure))
#31 C:\\Users\\Asus\\Desktop\\will\\wildan-firdaus\\vendor\\laravel\\framework\\src\\Illuminate\\Routing\\Router.php(786): Illuminate\\Routing\\Router->runRouteWithinStack(Object(Illuminate\\Routing\\Route), Object(Illuminate\\Http\\Request))
#32 C:\\Users\\Asus\\Desktop\\will\\wildan-firdaus\\vendor\\laravel\\framework\\src\\Illuminate\\Routing\\Router.php(750): Illuminate\\Routing\\Router->runRoute(Object(Illuminate\\Http\\Request), Object(Illuminate\\Routing\\Route))
#33 C:\\Users\\Asus\\Desktop\\will\\wildan-firdaus\\vendor\\laravel\\framework\\src\\Illuminate\\Routing\\Router.php(739): Illuminate\\Routing\\Router->dispatchToRoute(Object(Illuminate\\Http\\Request))
#34 C:\\Users\\Asus\\Desktop\\will\\wildan-firdaus\\vendor\\laravel\\framework\\src\\Illuminate\\Foundation\\Http\\Kernel.php(201): Illuminate\\Routing\\Router->dispatch(Object(Illuminate\\Http\\Request))
#35 C:\\Users\\Asus\\Desktop\\will\\wildan-firdaus\\vendor\\laravel\\framework\\src\\Illuminate\\Pipeline\\Pipeline.php(144): Illuminate\\Foundation\\Http\\Kernel->Illuminate\\Foundation\\Http\\{closure}(Object(Illuminate\\Http\\Request))
#36 C:\\Users\\Asus\\Desktop\\will\\wildan-firdaus\\vendor\\livewire\\livewire\\src\\Features\\SupportDisablingBackButtonCache\\DisableBackButtonCacheMiddleware.php(19): Illuminate\\Pipeline\\Pipeline->Illuminate\\Pipeline\\{closure}(Object(Illuminate\\Http\\Request))
#37 C:\\Users\\Asus\\Desktop\\will\\wildan-firdaus\\vendor\\laravel\\framework\\src\\Illuminate\\Pipeline\\Pipeline.php(183): Livewire\\Features\\SupportDisablingBackButtonCache\\DisableBackButtonCacheMiddleware->handle(Object(Illuminate\\Http\\Request), Object(Closure))
#38 C:\\Users\\Asus\\Desktop\\will\\wildan-firdaus\\vendor\\laravel\\framework\\src\\Illuminate\\Foundation\\Http\\Middleware\\TransformsRequest.php(21): Illuminate\\Pipeline\\Pipeline->Illuminate\\Pipeline\\{closure}(Object(Illuminate\\Http\\Request))
#39 C:\\Users\\Asus\\Desktop\\will\\wildan-firdaus\\vendor\\laravel\\framework\\src\\Illuminate\\Foundation\\Http\\Middleware\\ConvertEmptyStringsToNull.php(31): Illuminate\\Foundation\\Http\\Middleware\\TransformsRequest->handle(Object(Illuminate\\Http\\Request), Object(Closure))
#40 C:\\Users\\Asus\\Desktop\\will\\wildan-firdaus\\vendor\\laravel\\framework\\src\\Illuminate\\Pipeline\\Pipeline.php(183): Illuminate\\Foundation\\Http\\Middleware\\ConvertEmptyStringsToNull->handle(Object(Illuminate\\Http\\Request), Object(Closure))
#41 C:\\Users\\Asus\\Desktop\\will\\wildan-firdaus\\vendor\\laravel\\framework\\src\\Illuminate\\Foundation\\Http\\Middleware\\TransformsRequest.php(21): Illuminate\\Pipeline\\Pipeline->Illuminate\\Pipeline\\{closure}(Object(Illuminate\\Http\\Request))
#42 C:\\Users\\Asus\\Desktop\\will\\wildan-firdaus\\vendor\\laravel\\framework\\src\\Illuminate\\Foundation\\Http\\Middleware\\TrimStrings.php(51): Illuminate\\Foundation\\Http\\Middleware\\TransformsRequest->handle(Object(Illuminate\\Http\\Request), Object(Closure))
#43 C:\\Users\\Asus\\Desktop\\will\\wildan-firdaus\\vendor\\laravel\\framework\\src\\Illuminate\\Pipeline\\Pipeline.php(183): Illuminate\\Foundation\\Http\\Middleware\\TrimStrings->handle(Object(Illuminate\\Http\\Request), Object(Closure))
#44 C:\\Users\\Asus\\Desktop\\will\\wildan-firdaus\\vendor\\laravel\\framework\\src\\Illuminate\\Http\\Middleware\\ValidatePostSize.php(27): Illuminate\\Pipeline\\Pipeline->Illuminate\\Pipeline\\{closure}(Object(Illuminate\\Http\\Request))
#45 C:\\Users\\Asus\\Desktop\\will\\wildan-firdaus\\vendor\\laravel\\framework\\src\\Illuminate\\Pipeline\\Pipeline.php(183): Illuminate\\Http\\Middleware\\ValidatePostSize->handle(Object(Illuminate\\Http\\Request), Object(Closure))
#46 C:\\Users\\Asus\\Desktop\\will\\wildan-firdaus\\vendor\\laravel\\framework\\src\\Illuminate\\Foundation\\Http\\Middleware\\PreventRequestsDuringMaintenance.php(110): Illuminate\\Pipeline\\Pipeline->Illuminate\\Pipeline\\{closure}(Object(Illuminate\\Http\\Request))
#47 C:\\Users\\Asus\\Desktop\\will\\wildan-firdaus\\vendor\\laravel\\framework\\src\\Illuminate\\Pipeline\\Pipeline.php(183): Illuminate\\Foundation\\Http\\Middleware\\PreventRequestsDuringMaintenance->handle(Object(Illuminate\\Http\\Request), Object(Closure))
#48 C:\\Users\\Asus\\Desktop\\will\\wildan-firdaus\\vendor\\laravel\\framework\\src\\Illuminate\\Http\\Middleware\\HandleCors.php(49): Illuminate\\Pipeline\\Pipeline->Illuminate\\Pipeline\\{closure}(Object(Illuminate\\Http\\Request))
#49 C:\\Users\\Asus\\Desktop\\will\\wildan-firdaus\\vendor\\laravel\\framework\\src\\Illuminate\\Pipeline\\Pipeline.php(183): Illuminate\\Http\\Middleware\\HandleCors->handle(Object(Illuminate\\Http\\Request), Object(Closure))
#50 C:\\Users\\Asus\\Desktop\\will\\wildan-firdaus\\vendor\\laravel\\framework\\src\\Illuminate\\Http\\Middleware\\TrustProxies.php(58): Illuminate\\Pipeline\\Pipeline->Illuminate\\Pipeline\\{closure}(Object(Illuminate\\Http\\Request))
#51 C:\\Users\\Asus\\Desktop\\will\\wildan-firdaus\\vendor\\laravel\\framework\\src\\Illuminate\\Pipeline\\Pipeline.php(183): Illuminate\\Http\\Middleware\\TrustProxies->handle(Object(Illuminate\\Http\\Request), Object(Closure))
#52 C:\\Users\\Asus\\Desktop\\will\\wildan-firdaus\\vendor\\laravel\\framework\\src\\Illuminate\\Foundation\\Http\\Middleware\\InvokeDeferredCallbacks.php(22): Illuminate\\Pipeline\\Pipeline->Illuminate\\Pipeline\\{closure}(Object(Illuminate\\Http\\Request))
#53 C:\\Users\\Asus\\Desktop\\will\\wildan-firdaus\\vendor\\laravel\\framework\\src\\Illuminate\\Pipeline\\Pipeline.php(183): Illuminate\\Foundation\\Http\\Middleware\\InvokeDeferredCallbacks->handle(Object(Illuminate\\Http\\Request), Object(Closure))
#54 C:\\Users\\Asus\\Desktop\\will\\wildan-firdaus\\vendor\\laravel\\framework\\src\\Illuminate\\Pipeline\\Pipeline.php(119): Illuminate\\Pipeline\\Pipeline->Illuminate\\Pipeline\\{closure}(Object(Illuminate\\Http\\Request))
#55 C:\\Users\\Asus\\Desktop\\will\\wildan-firdaus\\vendor\\laravel\\framework\\src\\Illuminate\\Foundation\\Http\\Kernel.php(176): Illuminate\\Pipeline\\Pipeline->then(Object(Closure))
#56 C:\\Users\\Asus\\Desktop\\will\\wildan-firdaus\\vendor\\laravel\\framework\\src\\Illuminate\\Foundation\\Http\\Kernel.php(145): Illuminate\\Foundation\\Http\\Kernel->sendRequestThroughRouter(Object(Illuminate\\Http\\Request))
#57 C:\\Users\\Asus\\Desktop\\will\\wildan-firdaus\\vendor\\laravel\\framework\\src\\Illuminate\\Foundation\\Application.php(1188): Illuminate\\Foundation\\Http\\Kernel->handle(Object(Illuminate\\Http\\Request))
#58 C:\\Users\\Asus\\Desktop\\will\\wildan-firdaus\\public\\index.php(17): Illuminate\\Foundation\\Application->handleRequest(Object(Illuminate\\Http\\Request))
#59 C:\\Users\\Asus\\Desktop\\will\\wildan-firdaus\\vendor\\laravel\\framework\\src\\Illuminate\\Foundation\\resources\\server.php(23): require_once('C:\\\\Users\\\\Asus\\\\D...')
#60 {main}
"} 
[2024-11-25 07:21:32] local.ERROR: Database file at path [C:\xampp\htdocs\wildan-firdaus\database\database.sqlite] does not exist. Ensure this is an absolute path to the database. (Connection: sqlite, SQL: select * from "sessions" where "id" = bmYCbskd3LtYpt2F7iZ9rmN67Qb2KH7caIPfImC1 limit 1) {"exception":"[object] (Illuminate\\Database\\QueryException(code: 0): Database file at path [C:\\xampp\\htdocs\\wildan-firdaus\\database\\database.sqlite] does not exist. Ensure this is an absolute path to the database. (Connection: sqlite, SQL: select * from \"sessions\" where \"id\" = bmYCbskd3LtYpt2F7iZ9rmN67Qb2KH7caIPfImC1 limit 1) at C:\\Users\\Asus\\Desktop\\will\\wildan-firdaus\\vendor\\laravel\\framework\\src\\Illuminate\\Database\\Connection.php:825)
[stacktrace]
#0 C:\\Users\\Asus\\Desktop\\will\\wildan-firdaus\\vendor\\laravel\\framework\\src\\Illuminate\\Database\\Connection.php(779): Illuminate\\Database\\Connection->runQueryCallback('select * from \"...', Array, Object(Closure))
#1 C:\\Users\\Asus\\Desktop\\will\\wildan-firdaus\\vendor\\laravel\\framework\\src\\Illuminate\\Database\\Connection.php(398): Illuminate\\Database\\Connection->run('select * from \"...', Array, Object(Closure))
#2 C:\\Users\\Asus\\Desktop\\will\\wildan-firdaus\\vendor\\laravel\\framework\\src\\Illuminate\\Database\\Query\\Builder.php(3132): Illuminate\\Database\\Connection->select('select * from \"...', Array, true)
#3 C:\\Users\\Asus\\Desktop\\will\\wildan-firdaus\\vendor\\laravel\\framework\\src\\Illuminate\\Database\\Query\\Builder.php(3117): Illuminate\\Database\\Query\\Builder->runSelect()
#4 C:\\Users\\Asus\\Desktop\\will\\wildan-firdaus\\vendor\\laravel\\framework\\src\\Illuminate\\Database\\Query\\Builder.php(3705): Illuminate\\Database\\Query\\Builder->Illuminate\\Database\\Query\\{closure}()
#5 C:\\Users\\Asus\\Desktop\\will\\wildan-firdaus\\vendor\\laravel\\framework\\src\\Illuminate\\Database\\Query\\Builder.php(3116): Illuminate\\Database\\Query\\Builder->onceWithColumns(Array, Object(Closure))
#6 C:\\Users\\Asus\\Desktop\\will\\wildan-firdaus\\vendor\\laravel\\framework\\src\\Illuminate\\Database\\Concerns\\BuildsQueries.php(344): Illuminate\\Database\\Query\\Builder->get(Array)
#7 C:\\Users\\Asus\\Desktop\\will\\wildan-firdaus\\vendor\\laravel\\framework\\src\\Illuminate\\Database\\Query\\Builder.php(3037): Illuminate\\Database\\Query\\Builder->first(Array)
#8 C:\\Users\\Asus\\Desktop\\will\\wildan-firdaus\\vendor\\laravel\\framework\\src\\Illuminate\\Session\\DatabaseSessionHandler.php(97): Illuminate\\Database\\Query\\Builder->find('bmYCbskd3LtYpt2...')
#9 C:\\Users\\Asus\\Desktop\\will\\wildan-firdaus\\vendor\\laravel\\framework\\src\\Illuminate\\Session\\Store.php(113): Illuminate\\Session\\DatabaseSessionHandler->read('bmYCbskd3LtYpt2...')
#10 C:\\Users\\Asus\\Desktop\\will\\wildan-firdaus\\vendor\\laravel\\framework\\src\\Illuminate\\Session\\Store.php(101): Illuminate\\Session\\Store->readFromHandler()
#11 C:\\Users\\Asus\\Desktop\\will\\wildan-firdaus\\vendor\\laravel\\framework\\src\\Illuminate\\Session\\Store.php(85): Illuminate\\Session\\Store->loadSession()
#12 C:\\Users\\Asus\\Desktop\\will\\wildan-firdaus\\vendor\\laravel\\framework\\src\\Illuminate\\Session\\Middleware\\StartSession.php(147): Illuminate\\Session\\Store->start()
#13 C:\\Users\\Asus\\Desktop\\will\\wildan-firdaus\\vendor\\laravel\\framework\\src\\Illuminate\\Support\\helpers.php(380): Illuminate\\Session\\Middleware\\StartSession->Illuminate\\Session\\Middleware\\{closure}(Object(Illuminate\\Session\\Store))
#14 C:\\Users\\Asus\\Desktop\\will\\wildan-firdaus\\vendor\\laravel\\framework\\src\\Illuminate\\Session\\Middleware\\StartSession.php(144): tap(Object(Illuminate\\Session\\Store), Object(Closure))
#15 C:\\Users\\Asus\\Desktop\\will\\wildan-firdaus\\vendor\\laravel\\framework\\src\\Illuminate\\Session\\Middleware\\StartSession.php(116): Illuminate\\Session\\Middleware\\StartSession->startSession(Object(Illuminate\\Http\\Request), Object(Illuminate\\Session\\Store))
#16 C:\\Users\\Asus\\Desktop\\will\\wildan-firdaus\\vendor\\laravel\\framework\\src\\Illuminate\\Session\\Middleware\\StartSession.php(64): Illuminate\\Session\\Middleware\\StartSession->handleStatefulRequest(Object(Illuminate\\Http\\Request), Object(Illuminate\\Session\\Store), Object(Closure))
#17 C:\\Users\\Asus\\Desktop\\will\\wildan-firdaus\\vendor\\laravel\\framework\\src\\Illuminate\\Pipeline\\Pipeline.php(183): Illuminate\\Session\\Middleware\\StartSession->handle(Object(Illuminate\\Http\\Request), Object(Closure))
#18 C:\\Users\\Asus\\Desktop\\will\\wildan-firdaus\\vendor\\laravel\\framework\\src\\Illuminate\\Cookie\\Middleware\\AddQueuedCookiesToResponse.php(37): Illuminate\\Pipeline\\Pipeline->Illuminate\\Pipeline\\{closure}(Object(Illuminate\\Http\\Request))
#19 C:\\Users\\Asus\\Desktop\\will\\wildan-firdaus\\vendor\\laravel\\framework\\src\\Illuminate\\Pipeline\\Pipeline.php(183): Illuminate\\Cookie\\Middleware\\AddQueuedCookiesToResponse->handle(Object(Illuminate\\Http\\Request), Object(Closure))
#20 C:\\Users\\Asus\\Desktop\\will\\wildan-firdaus\\vendor\\laravel\\framework\\src\\Illuminate\\Cookie\\Middleware\\EncryptCookies.php(75): Illuminate\\Pipeline\\Pipeline->Illuminate\\Pipeline\\{closure}(Object(Illuminate\\Http\\Request))
#21 C:\\Users\\Asus\\Desktop\\will\\wildan-firdaus\\vendor\\laravel\\framework\\src\\Illuminate\\Pipeline\\Pipeline.php(183): Illuminate\\Cookie\\Middleware\\EncryptCookies->handle(Object(Illuminate\\Http\\Request), Object(Closure))
#22 C:\\Users\\Asus\\Desktop\\will\\wildan-firdaus\\vendor\\laravel\\framework\\src\\Illuminate\\Pipeline\\Pipeline.php(119): Illuminate\\Pipeline\\Pipeline->Illuminate\\Pipeline\\{closure}(Object(Illuminate\\Http\\Request))
#23 C:\\Users\\Asus\\Desktop\\will\\wildan-firdaus\\vendor\\laravel\\framework\\src\\Illuminate\\Routing\\Router.php(807): Illuminate\\Pipeline\\Pipeline->then(Object(Closure))
#24 C:\\Users\\Asus\\Desktop\\will\\wildan-firdaus\\vendor\\laravel\\framework\\src\\Illuminate\\Routing\\Router.php(786): Illuminate\\Routing\\Router->runRouteWithinStack(Object(Illuminate\\Routing\\Route), Object(Illuminate\\Http\\Request))
#25 C:\\Users\\Asus\\Desktop\\will\\wildan-firdaus\\vendor\\laravel\\framework\\src\\Illuminate\\Routing\\Router.php(750): Illuminate\\Routing\\Router->runRoute(Object(Illuminate\\Http\\Request), Object(Illuminate\\Routing\\Route))
#26 C:\\Users\\Asus\\Desktop\\will\\wildan-firdaus\\vendor\\laravel\\framework\\src\\Illuminate\\Routing\\Router.php(739): Illuminate\\Routing\\Router->dispatchToRoute(Object(Illuminate\\Http\\Request))
#27 C:\\Users\\Asus\\Desktop\\will\\wildan-firdaus\\vendor\\laravel\\framework\\src\\Illuminate\\Foundation\\Http\\Kernel.php(201): Illuminate\\Routing\\Router->dispatch(Object(Illuminate\\Http\\Request))
#28 C:\\Users\\Asus\\Desktop\\will\\wildan-firdaus\\vendor\\laravel\\framework\\src\\Illuminate\\Pipeline\\Pipeline.php(144): Illuminate\\Foundation\\Http\\Kernel->Illuminate\\Foundation\\Http\\{closure}(Object(Illuminate\\Http\\Request))
#29 C:\\Users\\Asus\\Desktop\\will\\wildan-firdaus\\vendor\\livewire\\livewire\\src\\Features\\SupportDisablingBackButtonCache\\DisableBackButtonCacheMiddleware.php(19): Illuminate\\Pipeline\\Pipeline->Illuminate\\Pipeline\\{closure}(Object(Illuminate\\Http\\Request))
#30 C:\\Users\\Asus\\Desktop\\will\\wildan-firdaus\\vendor\\laravel\\framework\\src\\Illuminate\\Pipeline\\Pipeline.php(183): Livewire\\Features\\SupportDisablingBackButtonCache\\DisableBackButtonCacheMiddleware->handle(Object(Illuminate\\Http\\Request), Object(Closure))
#31 C:\\Users\\Asus\\Desktop\\will\\wildan-firdaus\\vendor\\laravel\\framework\\src\\Illuminate\\Foundation\\Http\\Middleware\\TransformsRequest.php(21): Illuminate\\Pipeline\\Pipeline->Illuminate\\Pipeline\\{closure}(Object(Illuminate\\Http\\Request))
#32 C:\\Users\\Asus\\Desktop\\will\\wildan-firdaus\\vendor\\laravel\\framework\\src\\Illuminate\\Foundation\\Http\\Middleware\\ConvertEmptyStringsToNull.php(31): Illuminate\\Foundation\\Http\\Middleware\\TransformsRequest->handle(Object(Illuminate\\Http\\Request), Object(Closure))
#33 C:\\Users\\Asus\\Desktop\\will\\wildan-firdaus\\vendor\\laravel\\framework\\src\\Illuminate\\Pipeline\\Pipeline.php(183): Illuminate\\Foundation\\Http\\Middleware\\ConvertEmptyStringsToNull->handle(Object(Illuminate\\Http\\Request), Object(Closure))
#34 C:\\Users\\Asus\\Desktop\\will\\wildan-firdaus\\vendor\\laravel\\framework\\src\\Illuminate\\Foundation\\Http\\Middleware\\TransformsRequest.php(21): Illuminate\\Pipeline\\Pipeline->Illuminate\\Pipeline\\{closure}(Object(Illuminate\\Http\\Request))
#35 C:\\Users\\Asus\\Desktop\\will\\wildan-firdaus\\vendor\\laravel\\framework\\src\\Illuminate\\Foundation\\Http\\Middleware\\TrimStrings.php(51): Illuminate\\Foundation\\Http\\Middleware\\TransformsRequest->handle(Object(Illuminate\\Http\\Request), Object(Closure))
#36 C:\\Users\\Asus\\Desktop\\will\\wildan-firdaus\\vendor\\laravel\\framework\\src\\Illuminate\\Pipeline\\Pipeline.php(183): Illuminate\\Foundation\\Http\\Middleware\\TrimStrings->handle(Object(Illuminate\\Http\\Request), Object(Closure))
#37 C:\\Users\\Asus\\Desktop\\will\\wildan-firdaus\\vendor\\laravel\\framework\\src\\Illuminate\\Http\\Middleware\\ValidatePostSize.php(27): Illuminate\\Pipeline\\Pipeline->Illuminate\\Pipeline\\{closure}(Object(Illuminate\\Http\\Request))
#38 C:\\Users\\Asus\\Desktop\\will\\wildan-firdaus\\vendor\\laravel\\framework\\src\\Illuminate\\Pipeline\\Pipeline.php(183): Illuminate\\Http\\Middleware\\ValidatePostSize->handle(Object(Illuminate\\Http\\Request), Object(Closure))
#39 C:\\Users\\Asus\\Desktop\\will\\wildan-firdaus\\vendor\\laravel\\framework\\src\\Illuminate\\Foundation\\Http\\Middleware\\PreventRequestsDuringMaintenance.php(110): Illuminate\\Pipeline\\Pipeline->Illuminate\\Pipeline\\{closure}(Object(Illuminate\\Http\\Request))
#40 C:\\Users\\Asus\\Desktop\\will\\wildan-firdaus\\vendor\\laravel\\framework\\src\\Illuminate\\Pipeline\\Pipeline.php(183): Illuminate\\Foundation\\Http\\Middleware\\PreventRequestsDuringMaintenance->handle(Object(Illuminate\\Http\\Request), Object(Closure))
#41 C:\\Users\\Asus\\Desktop\\will\\wildan-firdaus\\vendor\\laravel\\framework\\src\\Illuminate\\Http\\Middleware\\HandleCors.php(49): Illuminate\\Pipeline\\Pipeline->Illuminate\\Pipeline\\{closure}(Object(Illuminate\\Http\\Request))
#42 C:\\Users\\Asus\\Desktop\\will\\wildan-firdaus\\vendor\\laravel\\framework\\src\\Illuminate\\Pipeline\\Pipeline.php(183): Illuminate\\Http\\Middleware\\HandleCors->handle(Object(Illuminate\\Http\\Request), Object(Closure))
#43 C:\\Users\\Asus\\Desktop\\will\\wildan-firdaus\\vendor\\laravel\\framework\\src\\Illuminate\\Http\\Middleware\\TrustProxies.php(58): Illuminate\\Pipeline\\Pipeline->Illuminate\\Pipeline\\{closure}(Object(Illuminate\\Http\\Request))
#44 C:\\Users\\Asus\\Desktop\\will\\wildan-firdaus\\vendor\\laravel\\framework\\src\\Illuminate\\Pipeline\\Pipeline.php(183): Illuminate\\Http\\Middleware\\TrustProxies->handle(Object(Illuminate\\Http\\Request), Object(Closure))
#45 C:\\Users\\Asus\\Desktop\\will\\wildan-firdaus\\vendor\\laravel\\framework\\src\\Illuminate\\Foundation\\Http\\Middleware\\InvokeDeferredCallbacks.php(22): Illuminate\\Pipeline\\Pipeline->Illuminate\\Pipeline\\{closure}(Object(Illuminate\\Http\\Request))
#46 C:\\Users\\Asus\\Desktop\\will\\wildan-firdaus\\vendor\\laravel\\framework\\src\\Illuminate\\Pipeline\\Pipeline.php(183): Illuminate\\Foundation\\Http\\Middleware\\InvokeDeferredCallbacks->handle(Object(Illuminate\\Http\\Request), Object(Closure))
#47 C:\\Users\\Asus\\Desktop\\will\\wildan-firdaus\\vendor\\laravel\\framework\\src\\Illuminate\\Pipeline\\Pipeline.php(119): Illuminate\\Pipeline\\Pipeline->Illuminate\\Pipeline\\{closure}(Object(Illuminate\\Http\\Request))
#48 C:\\Users\\Asus\\Desktop\\will\\wildan-firdaus\\vendor\\laravel\\framework\\src\\Illuminate\\Foundation\\Http\\Kernel.php(176): Illuminate\\Pipeline\\Pipeline->then(Object(Closure))
#49 C:\\Users\\Asus\\Desktop\\will\\wildan-firdaus\\vendor\\laravel\\framework\\src\\Illuminate\\Foundation\\Http\\Kernel.php(145): Illuminate\\Foundation\\Http\\Kernel->sendRequestThroughRouter(Object(Illuminate\\Http\\Request))
#50 C:\\Users\\Asus\\Desktop\\will\\wildan-firdaus\\vendor\\laravel\\framework\\src\\Illuminate\\Foundation\\Application.php(1188): Illuminate\\Foundation\\Http\\Kernel->handle(Object(Illuminate\\Http\\Request))
#51 C:\\Users\\Asus\\Desktop\\will\\wildan-firdaus\\public\\index.php(17): Illuminate\\Foundation\\Application->handleRequest(Object(Illuminate\\Http\\Request))
#52 C:\\Users\\Asus\\Desktop\\will\\wildan-firdaus\\vendor\\laravel\\framework\\src\\Illuminate\\Foundation\\resources\\server.php(23): require_once('C:\\\\Users\\\\Asus\\\\D...')
#53 {main}

[previous exception] [object] (Illuminate\\Database\\SQLiteDatabaseDoesNotExistException(code: 0): Database file at path [C:\\xampp\\htdocs\\wildan-firdaus\\database\\database.sqlite] does not exist. Ensure this is an absolute path to the database. at C:\\Users\\Asus\\Desktop\\will\\wildan-firdaus\\vendor\\laravel\\framework\\src\\Illuminate\\Database\\Connectors\\SQLiteConnector.php:34)
[stacktrace]
#0 C:\\Users\\Asus\\Desktop\\will\\wildan-firdaus\\vendor\\laravel\\framework\\src\\Illuminate\\Database\\Connectors\\ConnectionFactory.php(224): Illuminate\\Database\\Connectors\\SQLiteConnector->connect(Array)
#1 [internal function]: Illuminate\\Database\\Connectors\\ConnectionFactory->Illuminate\\Database\\Connectors\\{closure}()
#2 C:\\Users\\Asus\\Desktop\\will\\wildan-firdaus\\vendor\\laravel\\framework\\src\\Illuminate\\Database\\Connection.php(1231): call_user_func(Object(Closure))
#3 C:\\Users\\Asus\\Desktop\\will\\wildan-firdaus\\vendor\\laravel\\framework\\src\\Illuminate\\Database\\Connection.php(1267): Illuminate\\Database\\Connection->getPdo()
#4 C:\\Users\\Asus\\Desktop\\will\\wildan-firdaus\\vendor\\laravel\\framework\\src\\Illuminate\\Database\\Connection.php(512): Illuminate\\Database\\Connection->getReadPdo()
#5 C:\\Users\\Asus\\Desktop\\will\\wildan-firdaus\\vendor\\laravel\\framework\\src\\Illuminate\\Database\\Connection.php(407): Illuminate\\Database\\Connection->getPdoForSelect(true)
#6 C:\\Users\\Asus\\Desktop\\will\\wildan-firdaus\\vendor\\laravel\\framework\\src\\Illuminate\\Database\\Connection.php(812): Illuminate\\Database\\Connection->Illuminate\\Database\\{closure}('select * from \"...', Array)
#7 C:\\Users\\Asus\\Desktop\\will\\wildan-firdaus\\vendor\\laravel\\framework\\src\\Illuminate\\Database\\Connection.php(779): Illuminate\\Database\\Connection->runQueryCallback('select * from \"...', Array, Object(Closure))
#8 C:\\Users\\Asus\\Desktop\\will\\wildan-firdaus\\vendor\\laravel\\framework\\src\\Illuminate\\Database\\Connection.php(398): Illuminate\\Database\\Connection->run('select * from \"...', Array, Object(Closure))
#9 C:\\Users\\Asus\\Desktop\\will\\wildan-firdaus\\vendor\\laravel\\framework\\src\\Illuminate\\Database\\Query\\Builder.php(3132): Illuminate\\Database\\Connection->select('select * from \"...', Array, true)
#10 C:\\Users\\Asus\\Desktop\\will\\wildan-firdaus\\vendor\\laravel\\framework\\src\\Illuminate\\Database\\Query\\Builder.php(3117): Illuminate\\Database\\Query\\Builder->runSelect()
#11 C:\\Users\\Asus\\Desktop\\will\\wildan-firdaus\\vendor\\laravel\\framework\\src\\Illuminate\\Database\\Query\\Builder.php(3705): Illuminate\\Database\\Query\\Builder->Illuminate\\Database\\Query\\{closure}()
#12 C:\\Users\\Asus\\Desktop\\will\\wildan-firdaus\\vendor\\laravel\\framework\\src\\Illuminate\\Database\\Query\\Builder.php(3116): Illuminate\\Database\\Query\\Builder->onceWithColumns(Array, Object(Closure))
#13 C:\\Users\\Asus\\Desktop\\will\\wildan-firdaus\\vendor\\laravel\\framework\\src\\Illuminate\\Database\\Concerns\\BuildsQueries.php(344): Illuminate\\Database\\Query\\Builder->get(Array)
#14 C:\\Users\\Asus\\Desktop\\will\\wildan-firdaus\\vendor\\laravel\\framework\\src\\Illuminate\\Database\\Query\\Builder.php(3037): Illuminate\\Database\\Query\\Builder->first(Array)
#15 C:\\Users\\Asus\\Desktop\\will\\wildan-firdaus\\vendor\\laravel\\framework\\src\\Illuminate\\Session\\DatabaseSessionHandler.php(97): Illuminate\\Database\\Query\\Builder->find('bmYCbskd3LtYpt2...')
#16 C:\\Users\\Asus\\Desktop\\will\\wildan-firdaus\\vendor\\laravel\\framework\\src\\Illuminate\\Session\\Store.php(113): Illuminate\\Session\\DatabaseSessionHandler->read('bmYCbskd3LtYpt2...')
#17 C:\\Users\\Asus\\Desktop\\will\\wildan-firdaus\\vendor\\laravel\\framework\\src\\Illuminate\\Session\\Store.php(101): Illuminate\\Session\\Store->readFromHandler()
#18 C:\\Users\\Asus\\Desktop\\will\\wildan-firdaus\\vendor\\laravel\\framework\\src\\Illuminate\\Session\\Store.php(85): Illuminate\\Session\\Store->loadSession()
#19 C:\\Users\\Asus\\Desktop\\will\\wildan-firdaus\\vendor\\laravel\\framework\\src\\Illuminate\\Session\\Middleware\\StartSession.php(147): Illuminate\\Session\\Store->start()
#20 C:\\Users\\Asus\\Desktop\\will\\wildan-firdaus\\vendor\\laravel\\framework\\src\\Illuminate\\Support\\helpers.php(380): Illuminate\\Session\\Middleware\\StartSession->Illuminate\\Session\\Middleware\\{closure}(Object(Illuminate\\Session\\Store))
#21 C:\\Users\\Asus\\Desktop\\will\\wildan-firdaus\\vendor\\laravel\\framework\\src\\Illuminate\\Session\\Middleware\\StartSession.php(144): tap(Object(Illuminate\\Session\\Store), Object(Closure))
#22 C:\\Users\\Asus\\Desktop\\will\\wildan-firdaus\\vendor\\laravel\\framework\\src\\Illuminate\\Session\\Middleware\\StartSession.php(116): Illuminate\\Session\\Middleware\\StartSession->startSession(Object(Illuminate\\Http\\Request), Object(Illuminate\\Session\\Store))
#23 C:\\Users\\Asus\\Desktop\\will\\wildan-firdaus\\vendor\\laravel\\framework\\src\\Illuminate\\Session\\Middleware\\StartSession.php(64): Illuminate\\Session\\Middleware\\StartSession->handleStatefulRequest(Object(Illuminate\\Http\\Request), Object(Illuminate\\Session\\Store), Object(Closure))
#24 C:\\Users\\Asus\\Desktop\\will\\wildan-firdaus\\vendor\\laravel\\framework\\src\\Illuminate\\Pipeline\\Pipeline.php(183): Illuminate\\Session\\Middleware\\StartSession->handle(Object(Illuminate\\Http\\Request), Object(Closure))
#25 C:\\Users\\Asus\\Desktop\\will\\wildan-firdaus\\vendor\\laravel\\framework\\src\\Illuminate\\Cookie\\Middleware\\AddQueuedCookiesToResponse.php(37): Illuminate\\Pipeline\\Pipeline->Illuminate\\Pipeline\\{closure}(Object(Illuminate\\Http\\Request))
#26 C:\\Users\\Asus\\Desktop\\will\\wildan-firdaus\\vendor\\laravel\\framework\\src\\Illuminate\\Pipeline\\Pipeline.php(183): Illuminate\\Cookie\\Middleware\\AddQueuedCookiesToResponse->handle(Object(Illuminate\\Http\\Request), Object(Closure))
#27 C:\\Users\\Asus\\Desktop\\will\\wildan-firdaus\\vendor\\laravel\\framework\\src\\Illuminate\\Cookie\\Middleware\\EncryptCookies.php(75): Illuminate\\Pipeline\\Pipeline->Illuminate\\Pipeline\\{closure}(Object(Illuminate\\Http\\Request))
#28 C:\\Users\\Asus\\Desktop\\will\\wildan-firdaus\\vendor\\laravel\\framework\\src\\Illuminate\\Pipeline\\Pipeline.php(183): Illuminate\\Cookie\\Middleware\\EncryptCookies->handle(Object(Illuminate\\Http\\Request), Object(Closure))
#29 C:\\Users\\Asus\\Desktop\\will\\wildan-firdaus\\vendor\\laravel\\framework\\src\\Illuminate\\Pipeline\\Pipeline.php(119): Illuminate\\Pipeline\\Pipeline->Illuminate\\Pipeline\\{closure}(Object(Illuminate\\Http\\Request))
#30 C:\\Users\\Asus\\Desktop\\will\\wildan-firdaus\\vendor\\laravel\\framework\\src\\Illuminate\\Routing\\Router.php(807): Illuminate\\Pipeline\\Pipeline->then(Object(Closure))
#31 C:\\Users\\Asus\\Desktop\\will\\wildan-firdaus\\vendor\\laravel\\framework\\src\\Illuminate\\Routing\\Router.php(786): Illuminate\\Routing\\Router->runRouteWithinStack(Object(Illuminate\\Routing\\Route), Object(Illuminate\\Http\\Request))
#32 C:\\Users\\Asus\\Desktop\\will\\wildan-firdaus\\vendor\\laravel\\framework\\src\\Illuminate\\Routing\\Router.php(750): Illuminate\\Routing\\Router->runRoute(Object(Illuminate\\Http\\Request), Object(Illuminate\\Routing\\Route))
#33 C:\\Users\\Asus\\Desktop\\will\\wildan-firdaus\\vendor\\laravel\\framework\\src\\Illuminate\\Routing\\Router.php(739): Illuminate\\Routing\\Router->dispatchToRoute(Object(Illuminate\\Http\\Request))
#34 C:\\Users\\Asus\\Desktop\\will\\wildan-firdaus\\vendor\\laravel\\framework\\src\\Illuminate\\Foundation\\Http\\Kernel.php(201): Illuminate\\Routing\\Router->dispatch(Object(Illuminate\\Http\\Request))
#35 C:\\Users\\Asus\\Desktop\\will\\wildan-firdaus\\vendor\\laravel\\framework\\src\\Illuminate\\Pipeline\\Pipeline.php(144): Illuminate\\Foundation\\Http\\Kernel->Illuminate\\Foundation\\Http\\{closure}(Object(Illuminate\\Http\\Request))
#36 C:\\Users\\Asus\\Desktop\\will\\wildan-firdaus\\vendor\\livewire\\livewire\\src\\Features\\SupportDisablingBackButtonCache\\DisableBackButtonCacheMiddleware.php(19): Illuminate\\Pipeline\\Pipeline->Illuminate\\Pipeline\\{closure}(Object(Illuminate\\Http\\Request))
#37 C:\\Users\\Asus\\Desktop\\will\\wildan-firdaus\\vendor\\laravel\\framework\\src\\Illuminate\\Pipeline\\Pipeline.php(183): Livewire\\Features\\SupportDisablingBackButtonCache\\DisableBackButtonCacheMiddleware->handle(Object(Illuminate\\Http\\Request), Object(Closure))
#38 C:\\Users\\Asus\\Desktop\\will\\wildan-firdaus\\vendor\\laravel\\framework\\src\\Illuminate\\Foundation\\Http\\Middleware\\TransformsRequest.php(21): Illuminate\\Pipeline\\Pipeline->Illuminate\\Pipeline\\{closure}(Object(Illuminate\\Http\\Request))
#39 C:\\Users\\Asus\\Desktop\\will\\wildan-firdaus\\vendor\\laravel\\framework\\src\\Illuminate\\Foundation\\Http\\Middleware\\ConvertEmptyStringsToNull.php(31): Illuminate\\Foundation\\Http\\Middleware\\TransformsRequest->handle(Object(Illuminate\\Http\\Request), Object(Closure))
#40 C:\\Users\\Asus\\Desktop\\will\\wildan-firdaus\\vendor\\laravel\\framework\\src\\Illuminate\\Pipeline\\Pipeline.php(183): Illuminate\\Foundation\\Http\\Middleware\\ConvertEmptyStringsToNull->handle(Object(Illuminate\\Http\\Request), Object(Closure))
#41 C:\\Users\\Asus\\Desktop\\will\\wildan-firdaus\\vendor\\laravel\\framework\\src\\Illuminate\\Foundation\\Http\\Middleware\\TransformsRequest.php(21): Illuminate\\Pipeline\\Pipeline->Illuminate\\Pipeline\\{closure}(Object(Illuminate\\Http\\Request))
#42 C:\\Users\\Asus\\Desktop\\will\\wildan-firdaus\\vendor\\laravel\\framework\\src\\Illuminate\\Foundation\\Http\\Middleware\\TrimStrings.php(51): Illuminate\\Foundation\\Http\\Middleware\\TransformsRequest->handle(Object(Illuminate\\Http\\Request), Object(Closure))
#43 C:\\Users\\Asus\\Desktop\\will\\wildan-firdaus\\vendor\\laravel\\framework\\src\\Illuminate\\Pipeline\\Pipeline.php(183): Illuminate\\Foundation\\Http\\Middleware\\TrimStrings->handle(Object(Illuminate\\Http\\Request), Object(Closure))
#44 C:\\Users\\Asus\\Desktop\\will\\wildan-firdaus\\vendor\\laravel\\framework\\src\\Illuminate\\Http\\Middleware\\ValidatePostSize.php(27): Illuminate\\Pipeline\\Pipeline->Illuminate\\Pipeline\\{closure}(Object(Illuminate\\Http\\Request))
#45 C:\\Users\\Asus\\Desktop\\will\\wildan-firdaus\\vendor\\laravel\\framework\\src\\Illuminate\\Pipeline\\Pipeline.php(183): Illuminate\\Http\\Middleware\\ValidatePostSize->handle(Object(Illuminate\\Http\\Request), Object(Closure))
#46 C:\\Users\\Asus\\Desktop\\will\\wildan-firdaus\\vendor\\laravel\\framework\\src\\Illuminate\\Foundation\\Http\\Middleware\\PreventRequestsDuringMaintenance.php(110): Illuminate\\Pipeline\\Pipeline->Illuminate\\Pipeline\\{closure}(Object(Illuminate\\Http\\Request))
#47 C:\\Users\\Asus\\Desktop\\will\\wildan-firdaus\\vendor\\laravel\\framework\\src\\Illuminate\\Pipeline\\Pipeline.php(183): Illuminate\\Foundation\\Http\\Middleware\\PreventRequestsDuringMaintenance->handle(Object(Illuminate\\Http\\Request), Object(Closure))
#48 C:\\Users\\Asus\\Desktop\\will\\wildan-firdaus\\vendor\\laravel\\framework\\src\\Illuminate\\Http\\Middleware\\HandleCors.php(49): Illuminate\\Pipeline\\Pipeline->Illuminate\\Pipeline\\{closure}(Object(Illuminate\\Http\\Request))
#49 C:\\Users\\Asus\\Desktop\\will\\wildan-firdaus\\vendor\\laravel\\framework\\src\\Illuminate\\Pipeline\\Pipeline.php(183): Illuminate\\Http\\Middleware\\HandleCors->handle(Object(Illuminate\\Http\\Request), Object(Closure))
#50 C:\\Users\\Asus\\Desktop\\will\\wildan-firdaus\\vendor\\laravel\\framework\\src\\Illuminate\\Http\\Middleware\\TrustProxies.php(58): Illuminate\\Pipeline\\Pipeline->Illuminate\\Pipeline\\{closure}(Object(Illuminate\\Http\\Request))
#51 C:\\Users\\Asus\\Desktop\\will\\wildan-firdaus\\vendor\\laravel\\framework\\src\\Illuminate\\Pipeline\\Pipeline.php(183): Illuminate\\Http\\Middleware\\TrustProxies->handle(Object(Illuminate\\Http\\Request), Object(Closure))
#52 C:\\Users\\Asus\\Desktop\\will\\wildan-firdaus\\vendor\\laravel\\framework\\src\\Illuminate\\Foundation\\Http\\Middleware\\InvokeDeferredCallbacks.php(22): Illuminate\\Pipeline\\Pipeline->Illuminate\\Pipeline\\{closure}(Object(Illuminate\\Http\\Request))
#53 C:\\Users\\Asus\\Desktop\\will\\wildan-firdaus\\vendor\\laravel\\framework\\src\\Illuminate\\Pipeline\\Pipeline.php(183): Illuminate\\Foundation\\Http\\Middleware\\InvokeDeferredCallbacks->handle(Object(Illuminate\\Http\\Request), Object(Closure))
#54 C:\\Users\\Asus\\Desktop\\will\\wildan-firdaus\\vendor\\laravel\\framework\\src\\Illuminate\\Pipeline\\Pipeline.php(119): Illuminate\\Pipeline\\Pipeline->Illuminate\\Pipeline\\{closure}(Object(Illuminate\\Http\\Request))
#55 C:\\Users\\Asus\\Desktop\\will\\wildan-firdaus\\vendor\\laravel\\framework\\src\\Illuminate\\Foundation\\Http\\Kernel.php(176): Illuminate\\Pipeline\\Pipeline->then(Object(Closure))
#56 C:\\Users\\Asus\\Desktop\\will\\wildan-firdaus\\vendor\\laravel\\framework\\src\\Illuminate\\Foundation\\Http\\Kernel.php(145): Illuminate\\Foundation\\Http\\Kernel->sendRequestThroughRouter(Object(Illuminate\\Http\\Request))
#57 C:\\Users\\Asus\\Desktop\\will\\wildan-firdaus\\vendor\\laravel\\framework\\src\\Illuminate\\Foundation\\Application.php(1188): Illuminate\\Foundation\\Http\\Kernel->handle(Object(Illuminate\\Http\\Request))
#58 C:\\Users\\Asus\\Desktop\\will\\wildan-firdaus\\public\\index.php(17): Illuminate\\Foundation\\Application->handleRequest(Object(Illuminate\\Http\\Request))
#59 C:\\Users\\Asus\\Desktop\\will\\wildan-firdaus\\vendor\\laravel\\framework\\src\\Illuminate\\Foundation\\resources\\server.php(23): require_once('C:\\\\Users\\\\Asus\\\\D...')
#60 {main}
"} 
[2024-11-25 07:21:59] local.ERROR: Database file at path [C:\xampp\htdocs\wildan-firdaus\database\database.sqlite] does not exist. Ensure this is an absolute path to the database. (Connection: sqlite, SQL: select exists (select 1 from sqlite_master where name = 'migrations' and type = 'table') as "exists") {"exception":"[object] (Illuminate\\Database\\QueryException(code: 0): Database file at path [C:\\xampp\\htdocs\\wildan-firdaus\\database\\database.sqlite] does not exist. Ensure this is an absolute path to the database. (Connection: sqlite, SQL: select exists (select 1 from sqlite_master where name = 'migrations' and type = 'table') as \"exists\") at C:\\Users\\Asus\\Desktop\\will\\wildan-firdaus\\vendor\\laravel\\framework\\src\\Illuminate\\Database\\Connection.php:825)
[stacktrace]
#0 C:\\Users\\Asus\\Desktop\\will\\wildan-firdaus\\vendor\\laravel\\framework\\src\\Illuminate\\Database\\Connection.php(779): Illuminate\\Database\\Connection->runQueryCallback('select exists (...', Array, Object(Closure))
#1 C:\\Users\\Asus\\Desktop\\will\\wildan-firdaus\\vendor\\laravel\\framework\\src\\Illuminate\\Database\\Connection.php(398): Illuminate\\Database\\Connection->run('select exists (...', Array, Object(Closure))
#2 C:\\Users\\Asus\\Desktop\\will\\wildan-firdaus\\vendor\\laravel\\framework\\src\\Illuminate\\Database\\Connection.php(344): Illuminate\\Database\\Connection->select('select exists (...', Array, true)
#3 C:\\Users\\Asus\\Desktop\\will\\wildan-firdaus\\vendor\\laravel\\framework\\src\\Illuminate\\Database\\Connection.php(361): Illuminate\\Database\\Connection->selectOne('select exists (...', Array, true)
#4 C:\\Users\\Asus\\Desktop\\will\\wildan-firdaus\\vendor\\laravel\\framework\\src\\Illuminate\\Database\\Schema\\SQLiteBuilder.php(44): Illuminate\\Database\\Connection->scalar('select exists (...')
#5 C:\\Users\\Asus\\Desktop\\will\\wildan-firdaus\\vendor\\laravel\\framework\\src\\Illuminate\\Database\\Migrations\\DatabaseMigrationRepository.php(184): Illuminate\\Database\\Schema\\SQLiteBuilder->hasTable('migrations')
#6 C:\\Users\\Asus\\Desktop\\will\\wildan-firdaus\\vendor\\laravel\\framework\\src\\Illuminate\\Database\\Migrations\\Migrator.php(680): Illuminate\\Database\\Migrations\\DatabaseMigrationRepository->repositoryExists()
#7 C:\\Users\\Asus\\Desktop\\will\\wildan-firdaus\\vendor\\laravel\\framework\\src\\Illuminate\\Database\\Console\\Migrations\\MigrateCommand.php(164): Illuminate\\Database\\Migrations\\Migrator->repositoryExists()
#8 C:\\Users\\Asus\\Desktop\\will\\wildan-firdaus\\vendor\\laravel\\framework\\src\\Illuminate\\Support\\helpers.php(319): Illuminate\\Database\\Console\\Migrations\\MigrateCommand->Illuminate\\Database\\Console\\Migrations\\{closure}(1)
#9 C:\\Users\\Asus\\Desktop\\will\\wildan-firdaus\\vendor\\laravel\\framework\\src\\Illuminate\\Database\\Console\\Migrations\\MigrateCommand.php(164): retry(1, Object(Closure), 0, Object(Closure))
#10 C:\\Users\\Asus\\Desktop\\will\\wildan-firdaus\\vendor\\laravel\\framework\\src\\Illuminate\\Database\\Console\\Migrations\\MigrateCommand.php(140): Illuminate\\Database\\Console\\Migrations\\MigrateCommand->repositoryExists()
#11 C:\\Users\\Asus\\Desktop\\will\\wildan-firdaus\\vendor\\laravel\\framework\\src\\Illuminate\\Database\\Console\\Migrations\\MigrateCommand.php(110): Illuminate\\Database\\Console\\Migrations\\MigrateCommand->prepareDatabase()
#12 C:\\Users\\Asus\\Desktop\\will\\wildan-firdaus\\vendor\\laravel\\framework\\src\\Illuminate\\Database\\Migrations\\Migrator.php(615): Illuminate\\Database\\Console\\Migrations\\MigrateCommand->Illuminate\\Database\\Console\\Migrations\\{closure}()
#13 C:\\Users\\Asus\\Desktop\\will\\wildan-firdaus\\vendor\\laravel\\framework\\src\\Illuminate\\Database\\Console\\Migrations\\MigrateCommand.php(109): Illuminate\\Database\\Migrations\\Migrator->usingConnection(NULL, Object(Closure))
#14 C:\\Users\\Asus\\Desktop\\will\\wildan-firdaus\\vendor\\laravel\\framework\\src\\Illuminate\\Database\\Console\\Migrations\\MigrateCommand.php(88): Illuminate\\Database\\Console\\Migrations\\MigrateCommand->runMigrations()
#15 C:\\Users\\Asus\\Desktop\\will\\wildan-firdaus\\vendor\\laravel\\framework\\src\\Illuminate\\Container\\BoundMethod.php(36): Illuminate\\Database\\Console\\Migrations\\MigrateCommand->handle()
#16 C:\\Users\\Asus\\Desktop\\will\\wildan-firdaus\\vendor\\laravel\\framework\\src\\Illuminate\\Container\\Util.php(43): Illuminate\\Container\\BoundMethod::Illuminate\\Container\\{closure}()
#17 C:\\Users\\Asus\\Desktop\\will\\wildan-firdaus\\vendor\\laravel\\framework\\src\\Illuminate\\Container\\BoundMethod.php(95): Illuminate\\Container\\Util::unwrapIfClosure(Object(Closure))
#18 C:\\Users\\Asus\\Desktop\\will\\wildan-firdaus\\vendor\\laravel\\framework\\src\\Illuminate\\Container\\BoundMethod.php(35): Illuminate\\Container\\BoundMethod::callBoundMethod(Object(Illuminate\\Foundation\\Application), Array, Object(Closure))
#19 C:\\Users\\Asus\\Desktop\\will\\wildan-firdaus\\vendor\\laravel\\framework\\src\\Illuminate\\Container\\Container.php(690): Illuminate\\Container\\BoundMethod::call(Object(Illuminate\\Foundation\\Application), Array, Array, NULL)
#20 C:\\Users\\Asus\\Desktop\\will\\wildan-firdaus\\vendor\\laravel\\framework\\src\\Illuminate\\Console\\Command.php(213): Illuminate\\Container\\Container->call(Array)
#21 C:\\Users\\Asus\\Desktop\\will\\wildan-firdaus\\vendor\\symfony\\console\\Command\\Command.php(279): Illuminate\\Console\\Command->execute(Object(Symfony\\Component\\Console\\Input\\ArgvInput), Object(Illuminate\\Console\\OutputStyle))
#22 C:\\Users\\Asus\\Desktop\\will\\wildan-firdaus\\vendor\\laravel\\framework\\src\\Illuminate\\Console\\Command.php(182): Symfony\\Component\\Console\\Command\\Command->run(Object(Symfony\\Component\\Console\\Input\\ArgvInput), Object(Illuminate\\Console\\OutputStyle))
#23 C:\\Users\\Asus\\Desktop\\will\\wildan-firdaus\\vendor\\symfony\\console\\Application.php(1047): Illuminate\\Console\\Command->run(Object(Symfony\\Component\\Console\\Input\\ArgvInput), Object(Symfony\\Component\\Console\\Output\\ConsoleOutput))
#24 C:\\Users\\Asus\\Desktop\\will\\wildan-firdaus\\vendor\\symfony\\console\\Application.php(316): Symfony\\Component\\Console\\Application->doRunCommand(Object(Illuminate\\Database\\Console\\Migrations\\MigrateCommand), Object(Symfony\\Component\\Console\\Input\\ArgvInput), Object(Symfony\\Component\\Console\\Output\\ConsoleOutput))
#25 C:\\Users\\Asus\\Desktop\\will\\wildan-firdaus\\vendor\\symfony\\console\\Application.php(167): Symfony\\Component\\Console\\Application->doRun(Object(Symfony\\Component\\Console\\Input\\ArgvInput), Object(Symfony\\Component\\Console\\Output\\ConsoleOutput))
#26 C:\\Users\\Asus\\Desktop\\will\\wildan-firdaus\\vendor\\laravel\\framework\\src\\Illuminate\\Foundation\\Console\\Kernel.php(197): Symfony\\Component\\Console\\Application->run(Object(Symfony\\Component\\Console\\Input\\ArgvInput), Object(Symfony\\Component\\Console\\Output\\ConsoleOutput))
#27 C:\\Users\\Asus\\Desktop\\will\\wildan-firdaus\\vendor\\laravel\\framework\\src\\Illuminate\\Foundation\\Application.php(1203): Illuminate\\Foundation\\Console\\Kernel->handle(Object(Symfony\\Component\\Console\\Input\\ArgvInput), Object(Symfony\\Component\\Console\\Output\\ConsoleOutput))
#28 C:\\Users\\Asus\\Desktop\\will\\wildan-firdaus\\artisan(13): Illuminate\\Foundation\\Application->handleCommand(Object(Symfony\\Component\\Console\\Input\\ArgvInput))
#29 {main}

[previous exception] [object] (Illuminate\\Database\\SQLiteDatabaseDoesNotExistException(code: 0): Database file at path [C:\\xampp\\htdocs\\wildan-firdaus\\database\\database.sqlite] does not exist. Ensure this is an absolute path to the database. at C:\\Users\\Asus\\Desktop\\will\\wildan-firdaus\\vendor\\laravel\\framework\\src\\Illuminate\\Database\\Connectors\\SQLiteConnector.php:34)
[stacktrace]
#0 C:\\Users\\Asus\\Desktop\\will\\wildan-firdaus\\vendor\\laravel\\framework\\src\\Illuminate\\Database\\Connectors\\ConnectionFactory.php(224): Illuminate\\Database\\Connectors\\SQLiteConnector->connect(Array)
#1 [internal function]: Illuminate\\Database\\Connectors\\ConnectionFactory->Illuminate\\Database\\Connectors\\{closure}()
#2 C:\\Users\\Asus\\Desktop\\will\\wildan-firdaus\\vendor\\laravel\\framework\\src\\Illuminate\\Database\\Connection.php(1231): call_user_func(Object(Closure))
#3 C:\\Users\\Asus\\Desktop\\will\\wildan-firdaus\\vendor\\laravel\\framework\\src\\Illuminate\\Database\\Connection.php(1267): Illuminate\\Database\\Connection->getPdo()
#4 C:\\Users\\Asus\\Desktop\\will\\wildan-firdaus\\vendor\\laravel\\framework\\src\\Illuminate\\Database\\Connection.php(512): Illuminate\\Database\\Connection->getReadPdo()
#5 C:\\Users\\Asus\\Desktop\\will\\wildan-firdaus\\vendor\\laravel\\framework\\src\\Illuminate\\Database\\Connection.php(407): Illuminate\\Database\\Connection->getPdoForSelect(true)
#6 C:\\Users\\Asus\\Desktop\\will\\wildan-firdaus\\vendor\\laravel\\framework\\src\\Illuminate\\Database\\Connection.php(812): Illuminate\\Database\\Connection->Illuminate\\Database\\{closure}('select exists (...', Array)
#7 C:\\Users\\Asus\\Desktop\\will\\wildan-firdaus\\vendor\\laravel\\framework\\src\\Illuminate\\Database\\Connection.php(779): Illuminate\\Database\\Connection->runQueryCallback('select exists (...', Array, Object(Closure))
#8 C:\\Users\\Asus\\Desktop\\will\\wildan-firdaus\\vendor\\laravel\\framework\\src\\Illuminate\\Database\\Connection.php(398): Illuminate\\Database\\Connection->run('select exists (...', Array, Object(Closure))
#9 C:\\Users\\Asus\\Desktop\\will\\wildan-firdaus\\vendor\\laravel\\framework\\src\\Illuminate\\Database\\Connection.php(344): Illuminate\\Database\\Connection->select('select exists (...', Array, true)
#10 C:\\Users\\Asus\\Desktop\\will\\wildan-firdaus\\vendor\\laravel\\framework\\src\\Illuminate\\Database\\Connection.php(361): Illuminate\\Database\\Connection->selectOne('select exists (...', Array, true)
#11 C:\\Users\\Asus\\Desktop\\will\\wildan-firdaus\\vendor\\laravel\\framework\\src\\Illuminate\\Database\\Schema\\SQLiteBuilder.php(44): Illuminate\\Database\\Connection->scalar('select exists (...')
#12 C:\\Users\\Asus\\Desktop\\will\\wildan-firdaus\\vendor\\laravel\\framework\\src\\Illuminate\\Database\\Migrations\\DatabaseMigrationRepository.php(184): Illuminate\\Database\\Schema\\SQLiteBuilder->hasTable('migrations')
#13 C:\\Users\\Asus\\Desktop\\will\\wildan-firdaus\\vendor\\laravel\\framework\\src\\Illuminate\\Database\\Migrations\\Migrator.php(680): Illuminate\\Database\\Migrations\\DatabaseMigrationRepository->repositoryExists()
#14 C:\\Users\\Asus\\Desktop\\will\\wildan-firdaus\\vendor\\laravel\\framework\\src\\Illuminate\\Database\\Console\\Migrations\\MigrateCommand.php(164): Illuminate\\Database\\Migrations\\Migrator->repositoryExists()
#15 C:\\Users\\Asus\\Desktop\\will\\wildan-firdaus\\vendor\\laravel\\framework\\src\\Illuminate\\Support\\helpers.php(319): Illuminate\\Database\\Console\\Migrations\\MigrateCommand->Illuminate\\Database\\Console\\Migrations\\{closure}(1)
#16 C:\\Users\\Asus\\Desktop\\will\\wildan-firdaus\\vendor\\laravel\\framework\\src\\Illuminate\\Database\\Console\\Migrations\\MigrateCommand.php(164): retry(1, Object(Closure), 0, Object(Closure))
#17 C:\\Users\\Asus\\Desktop\\will\\wildan-firdaus\\vendor\\laravel\\framework\\src\\Illuminate\\Database\\Console\\Migrations\\MigrateCommand.php(140): Illuminate\\Database\\Console\\Migrations\\MigrateCommand->repositoryExists()
#18 C:\\Users\\Asus\\Desktop\\will\\wildan-firdaus\\vendor\\laravel\\framework\\src\\Illuminate\\Database\\Console\\Migrations\\MigrateCommand.php(110): Illuminate\\Database\\Console\\Migrations\\MigrateCommand->prepareDatabase()
#19 C:\\Users\\Asus\\Desktop\\will\\wildan-firdaus\\vendor\\laravel\\framework\\src\\Illuminate\\Database\\Migrations\\Migrator.php(615): Illuminate\\Database\\Console\\Migrations\\MigrateCommand->Illuminate\\Database\\Console\\Migrations\\{closure}()
#20 C:\\Users\\Asus\\Desktop\\will\\wildan-firdaus\\vendor\\laravel\\framework\\src\\Illuminate\\Database\\Console\\Migrations\\MigrateCommand.php(109): Illuminate\\Database\\Migrations\\Migrator->usingConnection(NULL, Object(Closure))
#21 C:\\Users\\Asus\\Desktop\\will\\wildan-firdaus\\vendor\\laravel\\framework\\src\\Illuminate\\Database\\Console\\Migrations\\MigrateCommand.php(88): Illuminate\\Database\\Console\\Migrations\\MigrateCommand->runMigrations()
#22 C:\\Users\\Asus\\Desktop\\will\\wildan-firdaus\\vendor\\laravel\\framework\\src\\Illuminate\\Container\\BoundMethod.php(36): Illuminate\\Database\\Console\\Migrations\\MigrateCommand->handle()
#23 C:\\Users\\Asus\\Desktop\\will\\wildan-firdaus\\vendor\\laravel\\framework\\src\\Illuminate\\Container\\Util.php(43): Illuminate\\Container\\BoundMethod::Illuminate\\Container\\{closure}()
#24 C:\\Users\\Asus\\Desktop\\will\\wildan-firdaus\\vendor\\laravel\\framework\\src\\Illuminate\\Container\\BoundMethod.php(95): Illuminate\\Container\\Util::unwrapIfClosure(Object(Closure))
#25 C:\\Users\\Asus\\Desktop\\will\\wildan-firdaus\\vendor\\laravel\\framework\\src\\Illuminate\\Container\\BoundMethod.php(35): Illuminate\\Container\\BoundMethod::callBoundMethod(Object(Illuminate\\Foundation\\Application), Array, Object(Closure))
#26 C:\\Users\\Asus\\Desktop\\will\\wildan-firdaus\\vendor\\laravel\\framework\\src\\Illuminate\\Container\\Container.php(690): Illuminate\\Container\\BoundMethod::call(Object(Illuminate\\Foundation\\Application), Array, Array, NULL)
#27 C:\\Users\\Asus\\Desktop\\will\\wildan-firdaus\\vendor\\laravel\\framework\\src\\Illuminate\\Console\\Command.php(213): Illuminate\\Container\\Container->call(Array)
#28 C:\\Users\\Asus\\Desktop\\will\\wildan-firdaus\\vendor\\symfony\\console\\Command\\Command.php(279): Illuminate\\Console\\Command->execute(Object(Symfony\\Component\\Console\\Input\\ArgvInput), Object(Illuminate\\Console\\OutputStyle))
#29 C:\\Users\\Asus\\Desktop\\will\\wildan-firdaus\\vendor\\laravel\\framework\\src\\Illuminate\\Console\\Command.php(182): Symfony\\Component\\Console\\Command\\Command->run(Object(Symfony\\Component\\Console\\Input\\ArgvInput), Object(Illuminate\\Console\\OutputStyle))
#30 C:\\Users\\Asus\\Desktop\\will\\wildan-firdaus\\vendor\\symfony\\console\\Application.php(1047): Illuminate\\Console\\Command->run(Object(Symfony\\Component\\Console\\Input\\ArgvInput), Object(Symfony\\Component\\Console\\Output\\ConsoleOutput))
#31 C:\\Users\\Asus\\Desktop\\will\\wildan-firdaus\\vendor\\symfony\\console\\Application.php(316): Symfony\\Component\\Console\\Application->doRunCommand(Object(Illuminate\\Database\\Console\\Migrations\\MigrateCommand), Object(Symfony\\Component\\Console\\Input\\ArgvInput), Object(Symfony\\Component\\Console\\Output\\ConsoleOutput))
#32 C:\\Users\\Asus\\Desktop\\will\\wildan-firdaus\\vendor\\symfony\\console\\Application.php(167): Symfony\\Component\\Console\\Application->doRun(Object(Symfony\\Component\\Console\\Input\\ArgvInput), Object(Symfony\\Component\\Console\\Output\\ConsoleOutput))
#33 C:\\Users\\Asus\\Desktop\\will\\wildan-firdaus\\vendor\\laravel\\framework\\src\\Illuminate\\Foundation\\Console\\Kernel.php(197): Symfony\\Component\\Console\\Application->run(Object(Symfony\\Component\\Console\\Input\\ArgvInput), Object(Symfony\\Component\\Console\\Output\\ConsoleOutput))
#34 C:\\Users\\Asus\\Desktop\\will\\wildan-firdaus\\vendor\\laravel\\framework\\src\\Illuminate\\Foundation\\Application.php(1203): Illuminate\\Foundation\\Console\\Kernel->handle(Object(Symfony\\Component\\Console\\Input\\ArgvInput), Object(Symfony\\Component\\Console\\Output\\ConsoleOutput))
#35 C:\\Users\\Asus\\Desktop\\will\\wildan-firdaus\\artisan(13): Illuminate\\Foundation\\Application->handleCommand(Object(Symfony\\Component\\Console\\Input\\ArgvInput))
#36 {main}
"} 
[2024-11-25 07:22:16] local.ERROR: Database file at path [C:\xampp\htdocs\wildan-firdaus\database\database.sqlite] does not exist. Ensure this is an absolute path to the database. (Connection: sqlite, SQL: select exists (select 1 from sqlite_master where name = 'migrations' and type = 'table') as "exists") {"exception":"[object] (Illuminate\\Database\\QueryException(code: 0): Database file at path [C:\\xampp\\htdocs\\wildan-firdaus\\database\\database.sqlite] does not exist. Ensure this is an absolute path to the database. (Connection: sqlite, SQL: select exists (select 1 from sqlite_master where name = 'migrations' and type = 'table') as \"exists\") at C:\\Users\\Asus\\Desktop\\will\\wildan-firdaus\\vendor\\laravel\\framework\\src\\Illuminate\\Database\\Connection.php:825)
[stacktrace]
#0 C:\\Users\\Asus\\Desktop\\will\\wildan-firdaus\\vendor\\laravel\\framework\\src\\Illuminate\\Database\\Connection.php(779): Illuminate\\Database\\Connection->runQueryCallback('select exists (...', Array, Object(Closure))
#1 C:\\Users\\Asus\\Desktop\\will\\wildan-firdaus\\vendor\\laravel\\framework\\src\\Illuminate\\Database\\Connection.php(398): Illuminate\\Database\\Connection->run('select exists (...', Array, Object(Closure))
#2 C:\\Users\\Asus\\Desktop\\will\\wildan-firdaus\\vendor\\laravel\\framework\\src\\Illuminate\\Database\\Connection.php(344): Illuminate\\Database\\Connection->select('select exists (...', Array, true)
#3 C:\\Users\\Asus\\Desktop\\will\\wildan-firdaus\\vendor\\laravel\\framework\\src\\Illuminate\\Database\\Connection.php(361): Illuminate\\Database\\Connection->selectOne('select exists (...', Array, true)
#4 C:\\Users\\Asus\\Desktop\\will\\wildan-firdaus\\vendor\\laravel\\framework\\src\\Illuminate\\Database\\Schema\\SQLiteBuilder.php(44): Illuminate\\Database\\Connection->scalar('select exists (...')
#5 C:\\Users\\Asus\\Desktop\\will\\wildan-firdaus\\vendor\\laravel\\framework\\src\\Illuminate\\Database\\Migrations\\DatabaseMigrationRepository.php(184): Illuminate\\Database\\Schema\\SQLiteBuilder->hasTable('migrations')
#6 C:\\Users\\Asus\\Desktop\\will\\wildan-firdaus\\vendor\\laravel\\framework\\src\\Illuminate\\Database\\Migrations\\Migrator.php(680): Illuminate\\Database\\Migrations\\DatabaseMigrationRepository->repositoryExists()
#7 C:\\Users\\Asus\\Desktop\\will\\wildan-firdaus\\vendor\\laravel\\framework\\src\\Illuminate\\Database\\Console\\Migrations\\MigrateCommand.php(164): Illuminate\\Database\\Migrations\\Migrator->repositoryExists()
#8 C:\\Users\\Asus\\Desktop\\will\\wildan-firdaus\\vendor\\laravel\\framework\\src\\Illuminate\\Support\\helpers.php(319): Illuminate\\Database\\Console\\Migrations\\MigrateCommand->Illuminate\\Database\\Console\\Migrations\\{closure}(1)
#9 C:\\Users\\Asus\\Desktop\\will\\wildan-firdaus\\vendor\\laravel\\framework\\src\\Illuminate\\Database\\Console\\Migrations\\MigrateCommand.php(164): retry(1, Object(Closure), 0, Object(Closure))
#10 C:\\Users\\Asus\\Desktop\\will\\wildan-firdaus\\vendor\\laravel\\framework\\src\\Illuminate\\Database\\Console\\Migrations\\MigrateCommand.php(140): Illuminate\\Database\\Console\\Migrations\\MigrateCommand->repositoryExists()
#11 C:\\Users\\Asus\\Desktop\\will\\wildan-firdaus\\vendor\\laravel\\framework\\src\\Illuminate\\Database\\Console\\Migrations\\MigrateCommand.php(110): Illuminate\\Database\\Console\\Migrations\\MigrateCommand->prepareDatabase()
#12 C:\\Users\\Asus\\Desktop\\will\\wildan-firdaus\\vendor\\laravel\\framework\\src\\Illuminate\\Database\\Migrations\\Migrator.php(615): Illuminate\\Database\\Console\\Migrations\\MigrateCommand->Illuminate\\Database\\Console\\Migrations\\{closure}()
#13 C:\\Users\\Asus\\Desktop\\will\\wildan-firdaus\\vendor\\laravel\\framework\\src\\Illuminate\\Database\\Console\\Migrations\\MigrateCommand.php(109): Illuminate\\Database\\Migrations\\Migrator->usingConnection(NULL, Object(Closure))
#14 C:\\Users\\Asus\\Desktop\\will\\wildan-firdaus\\vendor\\laravel\\framework\\src\\Illuminate\\Database\\Console\\Migrations\\MigrateCommand.php(88): Illuminate\\Database\\Console\\Migrations\\MigrateCommand->runMigrations()
#15 C:\\Users\\Asus\\Desktop\\will\\wildan-firdaus\\vendor\\laravel\\framework\\src\\Illuminate\\Container\\BoundMethod.php(36): Illuminate\\Database\\Console\\Migrations\\MigrateCommand->handle()
#16 C:\\Users\\Asus\\Desktop\\will\\wildan-firdaus\\vendor\\laravel\\framework\\src\\Illuminate\\Container\\Util.php(43): Illuminate\\Container\\BoundMethod::Illuminate\\Container\\{closure}()
#17 C:\\Users\\Asus\\Desktop\\will\\wildan-firdaus\\vendor\\laravel\\framework\\src\\Illuminate\\Container\\BoundMethod.php(95): Illuminate\\Container\\Util::unwrapIfClosure(Object(Closure))
#18 C:\\Users\\Asus\\Desktop\\will\\wildan-firdaus\\vendor\\laravel\\framework\\src\\Illuminate\\Container\\BoundMethod.php(35): Illuminate\\Container\\BoundMethod::callBoundMethod(Object(Illuminate\\Foundation\\Application), Array, Object(Closure))
#19 C:\\Users\\Asus\\Desktop\\will\\wildan-firdaus\\vendor\\laravel\\framework\\src\\Illuminate\\Container\\Container.php(690): Illuminate\\Container\\BoundMethod::call(Object(Illuminate\\Foundation\\Application), Array, Array, NULL)
#20 C:\\Users\\Asus\\Desktop\\will\\wildan-firdaus\\vendor\\laravel\\framework\\src\\Illuminate\\Console\\Command.php(213): Illuminate\\Container\\Container->call(Array)
#21 C:\\Users\\Asus\\Desktop\\will\\wildan-firdaus\\vendor\\symfony\\console\\Command\\Command.php(279): Illuminate\\Console\\Command->execute(Object(Symfony\\Component\\Console\\Input\\ArgvInput), Object(Illuminate\\Console\\OutputStyle))
#22 C:\\Users\\Asus\\Desktop\\will\\wildan-firdaus\\vendor\\laravel\\framework\\src\\Illuminate\\Console\\Command.php(182): Symfony\\Component\\Console\\Command\\Command->run(Object(Symfony\\Component\\Console\\Input\\ArgvInput), Object(Illuminate\\Console\\OutputStyle))
#23 C:\\Users\\Asus\\Desktop\\will\\wildan-firdaus\\vendor\\symfony\\console\\Application.php(1047): Illuminate\\Console\\Command->run(Object(Symfony\\Component\\Console\\Input\\ArgvInput), Object(Symfony\\Component\\Console\\Output\\ConsoleOutput))
#24 C:\\Users\\Asus\\Desktop\\will\\wildan-firdaus\\vendor\\symfony\\console\\Application.php(316): Symfony\\Component\\Console\\Application->doRunCommand(Object(Illuminate\\Database\\Console\\Migrations\\MigrateCommand), Object(Symfony\\Component\\Console\\Input\\ArgvInput), Object(Symfony\\Component\\Console\\Output\\ConsoleOutput))
#25 C:\\Users\\Asus\\Desktop\\will\\wildan-firdaus\\vendor\\symfony\\console\\Application.php(167): Symfony\\Component\\Console\\Application->doRun(Object(Symfony\\Component\\Console\\Input\\ArgvInput), Object(Symfony\\Component\\Console\\Output\\ConsoleOutput))
#26 C:\\Users\\Asus\\Desktop\\will\\wildan-firdaus\\vendor\\laravel\\framework\\src\\Illuminate\\Foundation\\Console\\Kernel.php(197): Symfony\\Component\\Console\\Application->run(Object(Symfony\\Component\\Console\\Input\\ArgvInput), Object(Symfony\\Component\\Console\\Output\\ConsoleOutput))
#27 C:\\Users\\Asus\\Desktop\\will\\wildan-firdaus\\vendor\\laravel\\framework\\src\\Illuminate\\Foundation\\Application.php(1203): Illuminate\\Foundation\\Console\\Kernel->handle(Object(Symfony\\Component\\Console\\Input\\ArgvInput), Object(Symfony\\Component\\Console\\Output\\ConsoleOutput))
#28 C:\\Users\\Asus\\Desktop\\will\\wildan-firdaus\\artisan(13): Illuminate\\Foundation\\Application->handleCommand(Object(Symfony\\Component\\Console\\Input\\ArgvInput))
#29 {main}

[previous exception] [object] (Illuminate\\Database\\SQLiteDatabaseDoesNotExistException(code: 0): Database file at path [C:\\xampp\\htdocs\\wildan-firdaus\\database\\database.sqlite] does not exist. Ensure this is an absolute path to the database. at C:\\Users\\Asus\\Desktop\\will\\wildan-firdaus\\vendor\\laravel\\framework\\src\\Illuminate\\Database\\Connectors\\SQLiteConnector.php:34)
[stacktrace]
#0 C:\\Users\\Asus\\Desktop\\will\\wildan-firdaus\\vendor\\laravel\\framework\\src\\Illuminate\\Database\\Connectors\\ConnectionFactory.php(224): Illuminate\\Database\\Connectors\\SQLiteConnector->connect(Array)
#1 [internal function]: Illuminate\\Database\\Connectors\\ConnectionFactory->Illuminate\\Database\\Connectors\\{closure}()
#2 C:\\Users\\Asus\\Desktop\\will\\wildan-firdaus\\vendor\\laravel\\framework\\src\\Illuminate\\Database\\Connection.php(1231): call_user_func(Object(Closure))
#3 C:\\Users\\Asus\\Desktop\\will\\wildan-firdaus\\vendor\\laravel\\framework\\src\\Illuminate\\Database\\Connection.php(1267): Illuminate\\Database\\Connection->getPdo()
#4 C:\\Users\\Asus\\Desktop\\will\\wildan-firdaus\\vendor\\laravel\\framework\\src\\Illuminate\\Database\\Connection.php(512): Illuminate\\Database\\Connection->getReadPdo()
#5 C:\\Users\\Asus\\Desktop\\will\\wildan-firdaus\\vendor\\laravel\\framework\\src\\Illuminate\\Database\\Connection.php(407): Illuminate\\Database\\Connection->getPdoForSelect(true)
#6 C:\\Users\\Asus\\Desktop\\will\\wildan-firdaus\\vendor\\laravel\\framework\\src\\Illuminate\\Database\\Connection.php(812): Illuminate\\Database\\Connection->Illuminate\\Database\\{closure}('select exists (...', Array)
#7 C:\\Users\\Asus\\Desktop\\will\\wildan-firdaus\\vendor\\laravel\\framework\\src\\Illuminate\\Database\\Connection.php(779): Illuminate\\Database\\Connection->runQueryCallback('select exists (...', Array, Object(Closure))
#8 C:\\Users\\Asus\\Desktop\\will\\wildan-firdaus\\vendor\\laravel\\framework\\src\\Illuminate\\Database\\Connection.php(398): Illuminate\\Database\\Connection->run('select exists (...', Array, Object(Closure))
#9 C:\\Users\\Asus\\Desktop\\will\\wildan-firdaus\\vendor\\laravel\\framework\\src\\Illuminate\\Database\\Connection.php(344): Illuminate\\Database\\Connection->select('select exists (...', Array, true)
#10 C:\\Users\\Asus\\Desktop\\will\\wildan-firdaus\\vendor\\laravel\\framework\\src\\Illuminate\\Database\\Connection.php(361): Illuminate\\Database\\Connection->selectOne('select exists (...', Array, true)
#11 C:\\Users\\Asus\\Desktop\\will\\wildan-firdaus\\vendor\\laravel\\framework\\src\\Illuminate\\Database\\Schema\\SQLiteBuilder.php(44): Illuminate\\Database\\Connection->scalar('select exists (...')
#12 C:\\Users\\Asus\\Desktop\\will\\wildan-firdaus\\vendor\\laravel\\framework\\src\\Illuminate\\Database\\Migrations\\DatabaseMigrationRepository.php(184): Illuminate\\Database\\Schema\\SQLiteBuilder->hasTable('migrations')
#13 C:\\Users\\Asus\\Desktop\\will\\wildan-firdaus\\vendor\\laravel\\framework\\src\\Illuminate\\Database\\Migrations\\Migrator.php(680): Illuminate\\Database\\Migrations\\DatabaseMigrationRepository->repositoryExists()
#14 C:\\Users\\Asus\\Desktop\\will\\wildan-firdaus\\vendor\\laravel\\framework\\src\\Illuminate\\Database\\Console\\Migrations\\MigrateCommand.php(164): Illuminate\\Database\\Migrations\\Migrator->repositoryExists()
#15 C:\\Users\\Asus\\Desktop\\will\\wildan-firdaus\\vendor\\laravel\\framework\\src\\Illuminate\\Support\\helpers.php(319): Illuminate\\Database\\Console\\Migrations\\MigrateCommand->Illuminate\\Database\\Console\\Migrations\\{closure}(1)
#16 C:\\Users\\Asus\\Desktop\\will\\wildan-firdaus\\vendor\\laravel\\framework\\src\\Illuminate\\Database\\Console\\Migrations\\MigrateCommand.php(164): retry(1, Object(Closure), 0, Object(Closure))
#17 C:\\Users\\Asus\\Desktop\\will\\wildan-firdaus\\vendor\\laravel\\framework\\src\\Illuminate\\Database\\Console\\Migrations\\MigrateCommand.php(140): Illuminate\\Database\\Console\\Migrations\\MigrateCommand->repositoryExists()
#18 C:\\Users\\Asus\\Desktop\\will\\wildan-firdaus\\vendor\\laravel\\framework\\src\\Illuminate\\Database\\Console\\Migrations\\MigrateCommand.php(110): Illuminate\\Database\\Console\\Migrations\\MigrateCommand->prepareDatabase()
#19 C:\\Users\\Asus\\Desktop\\will\\wildan-firdaus\\vendor\\laravel\\framework\\src\\Illuminate\\Database\\Migrations\\Migrator.php(615): Illuminate\\Database\\Console\\Migrations\\MigrateCommand->Illuminate\\Database\\Console\\Migrations\\{closure}()
#20 C:\\Users\\Asus\\Desktop\\will\\wildan-firdaus\\vendor\\laravel\\framework\\src\\Illuminate\\Database\\Console\\Migrations\\MigrateCommand.php(109): Illuminate\\Database\\Migrations\\Migrator->usingConnection(NULL, Object(Closure))
#21 C:\\Users\\Asus\\Desktop\\will\\wildan-firdaus\\vendor\\laravel\\framework\\src\\Illuminate\\Database\\Console\\Migrations\\MigrateCommand.php(88): Illuminate\\Database\\Console\\Migrations\\MigrateCommand->runMigrations()
#22 C:\\Users\\Asus\\Desktop\\will\\wildan-firdaus\\vendor\\laravel\\framework\\src\\Illuminate\\Container\\BoundMethod.php(36): Illuminate\\Database\\Console\\Migrations\\MigrateCommand->handle()
#23 C:\\Users\\Asus\\Desktop\\will\\wildan-firdaus\\vendor\\laravel\\framework\\src\\Illuminate\\Container\\Util.php(43): Illuminate\\Container\\BoundMethod::Illuminate\\Container\\{closure}()
#24 C:\\Users\\Asus\\Desktop\\will\\wildan-firdaus\\vendor\\laravel\\framework\\src\\Illuminate\\Container\\BoundMethod.php(95): Illuminate\\Container\\Util::unwrapIfClosure(Object(Closure))
#25 C:\\Users\\Asus\\Desktop\\will\\wildan-firdaus\\vendor\\laravel\\framework\\src\\Illuminate\\Container\\BoundMethod.php(35): Illuminate\\Container\\BoundMethod::callBoundMethod(Object(Illuminate\\Foundation\\Application), Array, Object(Closure))
#26 C:\\Users\\Asus\\Desktop\\will\\wildan-firdaus\\vendor\\laravel\\framework\\src\\Illuminate\\Container\\Container.php(690): Illuminate\\Container\\BoundMethod::call(Object(Illuminate\\Foundation\\Application), Array, Array, NULL)
#27 C:\\Users\\Asus\\Desktop\\will\\wildan-firdaus\\vendor\\laravel\\framework\\src\\Illuminate\\Console\\Command.php(213): Illuminate\\Container\\Container->call(Array)
#28 C:\\Users\\Asus\\Desktop\\will\\wildan-firdaus\\vendor\\symfony\\console\\Command\\Command.php(279): Illuminate\\Console\\Command->execute(Object(Symfony\\Component\\Console\\Input\\ArgvInput), Object(Illuminate\\Console\\OutputStyle))
#29 C:\\Users\\Asus\\Desktop\\will\\wildan-firdaus\\vendor\\laravel\\framework\\src\\Illuminate\\Console\\Command.php(182): Symfony\\Component\\Console\\Command\\Command->run(Object(Symfony\\Component\\Console\\Input\\ArgvInput), Object(Illuminate\\Console\\OutputStyle))
#30 C:\\Users\\Asus\\Desktop\\will\\wildan-firdaus\\vendor\\symfony\\console\\Application.php(1047): Illuminate\\Console\\Command->run(Object(Symfony\\Component\\Console\\Input\\ArgvInput), Object(Symfony\\Component\\Console\\Output\\ConsoleOutput))
#31 C:\\Users\\Asus\\Desktop\\will\\wildan-firdaus\\vendor\\symfony\\console\\Application.php(316): Symfony\\Component\\Console\\Application->doRunCommand(Object(Illuminate\\Database\\Console\\Migrations\\MigrateCommand), Object(Symfony\\Component\\Console\\Input\\ArgvInput), Object(Symfony\\Component\\Console\\Output\\ConsoleOutput))
#32 C:\\Users\\Asus\\Desktop\\will\\wildan-firdaus\\vendor\\symfony\\console\\Application.php(167): Symfony\\Component\\Console\\Application->doRun(Object(Symfony\\Component\\Console\\Input\\ArgvInput), Object(Symfony\\Component\\Console\\Output\\ConsoleOutput))
#33 C:\\Users\\Asus\\Desktop\\will\\wildan-firdaus\\vendor\\laravel\\framework\\src\\Illuminate\\Foundation\\Console\\Kernel.php(197): Symfony\\Component\\Console\\Application->run(Object(Symfony\\Component\\Console\\Input\\ArgvInput), Object(Symfony\\Component\\Console\\Output\\ConsoleOutput))
#34 C:\\Users\\Asus\\Desktop\\will\\wildan-firdaus\\vendor\\laravel\\framework\\src\\Illuminate\\Foundation\\Application.php(1203): Illuminate\\Foundation\\Console\\Kernel->handle(Object(Symfony\\Component\\Console\\Input\\ArgvInput), Object(Symfony\\Component\\Console\\Output\\ConsoleOutput))
#35 C:\\Users\\Asus\\Desktop\\will\\wildan-firdaus\\artisan(13): Illuminate\\Foundation\\Application->handleCommand(Object(Symfony\\Component\\Console\\Input\\ArgvInput))
#36 {main}
"} 
